"";"Beratung";"Angebote";"Bequemlichkeit";"Einkaufsatmosphaere";"Marken";"GPM";"Naehe";"Partner";"Eltern";"Verwandte";"Kommilitonen";"Kinder";"Freunde";"Arbeitskollegen";"Soziale.Institutionen";"Alter";"Geschlecht";"gift.count";"Budget"
"1";7;5;5;6;3;6;6;1;1;0;0;1;1;1;0;46;2;5;546,560688084157
"2";7;4;4;5;6;4;3;1;1;0;0;1;0;0;0;38;2;3;438,373179875222
"3";7;5;1;7;1;6;7;0;0;0;0;1;0;0;0;77;2;1;397,925571897785
"4";7;4;7;3;3;6;6;1;0;0;0;1;1;0;0;84;1;3;553,581695901244
"5";5;4;7;4;3;6;2;1;1;1;0;0;1;1;0;22;2;5;402,105209568074
"6";2;6;6;5;1;5;4;1;1;1;0;0;0;0;0;30;1;3;337,931711367927
"7";5;7;7;7;4;5;5;1;1;1;0;0;1;0;0;30;2;4;371,309023470847
"8";1;1;4;1;1;7;4;0;1;1;0;0;0;0;0;39;1;2;272,61749547531
"9";5;6;2;1;3;7;4;1;0;0;0;1;1;0;0;70;2;3;539,351785891931
"10";4;4;3;5;5;3;2;1;1;0;0;0;1;0;0;27;2;3;306,206147367849
"11";7;6;7;1;2;6;7;1;1;1;0;0;0;0;1;66;1;4;454,152313491701
"12";6;6;7;4;1;3;6;1;1;1;0;1;0;0;0;44;1;4;470,448689982628
"13";5;4;6;5;4;6;6;1;0;1;0;0;1;0;1;68;2;4;458,035241492908
"14";7;5;7;1;5;7;6;1;1;0;0;1;1;0;0;52;2;4;537,782745983991
"15";2;2;7;4;2;4;4;0;1;0;0;1;0;0;0;37;2;2;327,743151978303
"16";6;3;7;1;3;6;3;1;1;0;0;1;0;0;0;53;1;3;493,39631188254
"17";4;4;6;2;1;2;6;1;1;1;0;0;1;0;0;22;1;4;316,925553468618
"18";7;5;7;2;4;7;4;1;0;1;0;0;0;0;0;27;1;2;324,631179261465
"19";6;4;6;5;4;6;5;1;1;1;0;0;0;0;0;28;1;3;346,999369365854
"20";5;7;7;4;4;2;3;1;1;1;0;0;0;0;0;23;1;3;285,489705366301
"21";3;7;1;4;1;5;5;1;1;0;0;1;0;0;0;57;2;3;488,211581885819
"22";7;6;1;6;5;4;5;1;1;0;0;0;1;0;1;59;2;4;414,660893489209
"23";7;6;1;6;1;1;7;0;0;1;0;1;0;0;0;70;2;2;352,959706000811
"24";7;5;3;4;5;4;4;1;1;0;0;0;0;0;0;20;2;2;272,189173259839
"25";6;1;2;1;5;1;5;1;0;0;0;0;0;0;0;27;1;1;213,55035116374
"26";1;7;6;6;6;1;6;1;0;0;0;1;0;0;0;56;2;2;401,090461785759
"27";7;7;7;6;2;7;3;1;1;1;0;1;1;1;0;52;2;6;604,537370189831
"28";7;7;5;7;6;7;6;1;0;1;0;1;1;0;0;61;1;4;555,255921989421
"29";4;6;3;3;4;4;3;1;0;1;0;1;0;0;0;47;2;3;455,846355880652
"30";6;5;6;5;5;6;5;1;0;0;0;1;0;0;0;57;1;2;467,784855782034
"31";4;3;4;4;3;5;4;1;1;1;0;0;1;0;1;48;2;5;439,632687584627
"32";7;1;3;3;5;7;5;0;0;0;0;1;0;0;0;68;1;1;393,402981891489
"33";5;5;7;3;7;3;5;0;1;1;0;0;1;0;0;28;1;3;232,836359575057
"34";6;3;7;3;4;2;4;0;1;1;0;0;1;0;0;36;1;3;235,417485580749
"35";7;6;7;5;3;3;3;1;1;0;0;0;0;0;0;28;2;2;274,770299265532
"36";5;7;7;4;5;6;2;1;1;1;0;0;1;0;0;38;1;4;399,791321474808
"37";4;3;4;5;3;5;6;1;0;1;0;1;0;0;0;67;1;3;507,626221891853
"38";5;4;6;5;6;7;3;0;1;1;0;0;1;0;0;36;1;3;300,17041557642
"39";7;5;6;1;2;7;3;0;0;1;0;1;0;0;0;54;1;2;399,599797985963
"40";4;3;3;4;6;6;5;0;1;1;0;0;1;1;1;19;2;5;320,969565772869
"41";5;7;3;1;4;3;1;1;1;1;0;0;1;0;0;24;1;4;333,759067468958
"42";7;7;7;1;7;7;7;1;1;1;0;1;0;0;0;40;2;4;514,485177976751
"43";7;7;7;7;7;7;7;1;1;0;0;0;0;0;0;30;2;2;330,455571263275
"44";7;5;4;4;3;5;3;1;1;0;0;1;0;0;0;54;1;3;482,387189884009
"45";7;7;2;4;4;4;6;1;1;1;0;1;0;0;0;56;2;4;506,696843989002
"46";4;3;3;4;3;3;4;1;1;0;0;1;0;0;0;74;1;3;495,315297897808
"47";7;6;4;2;5;6;4;1;1;1;0;0;1;0;0;25;2;4;374,552289466964
"48";6;6;7;4;1;3;4;1;1;0;0;1;1;0;0;27;1;4;437,443801972371
"49";7;4;3;3;3;2;4;1;0;1;0;1;0;1;0;54;1;4;476,912743989527
"50";5;3;6;6;2;2;5;1;1;1;0;1;1;1;0;50;1;6;535,901512192953
"51";7;6;7;1;6;5;6;1;1;1;0;0;1;0;0;25;1;4;361,60170346783
"52";7;7;4;7;2;6;7;1;1;1;0;1;0;0;0;50;2;4;520,94923198365
"53";5;4;5;2;3;4;5;1;0;1;1;0;0;0;0;83;1;3;427,87871740077
"54";5;3;3;5;2;2;1;1;0;0;0;1;0;0;0;53;1;2;408,216655783083
"55";6;5;3;5;2;3;4;1;0;1;0;1;1;0;0;69;2;4;518,985289997711
"56";7;2;2;6;2;2;3;1;0;1;0;1;0;0;0;80;2;3;494,013495902293
"57";7;7;1;1;7;1;1;1;0;0;0;1;1;0;0;22;2;3;368,457997868166
"58";5;7;3;2;1;5;6;0;0;0;0;1;0;0;0;75;2;1;381,092057897444
"59";7;1;1;1;2;5;4;0;0;0;0;0;0;0;1;82;1;1;296,821963400065
"60";4;4;4;2;2;2;4;1;0;0;0;1;0;0;0;57;2;2;415,982511785497
"61";4;4;5;3;3;2;1;1;1;0;0;1;0;0;0;40;1;3;416,35493587816
"62";3;1;1;2;1;1;1;0;1;0;0;0;0;0;0;39;1;1;161,536667377585
"63";4;4;6;2;4;6;2;1;0;1;0;0;0;0;0;46;1;2;348,568409273795
"64";4;5;3;4;3;5;3;0;0;0;0;0;1;0;0;54;1;1;242,460971383172
"65";5;7;7;6;1;4;4;1;0;1;0;0;1;0;1;53;2;4;403,012109485589
"66";6;5;6;4;4;3;4;1;1;0;0;0;0;0;0;40;1;2;298,067867272772
"67";1;6;3;1;7;3;1;1;1;1;0;0;1;1;0;19;2;5;357,429059568862
"68";7;7;6;2;5;5;6;0;0;0;0;1;0;0;0;53;2;1;338,379849884171
"69";6;5;7;3;4;4;3;1;0;1;0;1;1;1;1;69;1;6;598,690500202685
"70";7;4;5;6;1;3;4;1;1;1;0;1;1;1;0;55;2;6;558,559418195104
"71";2;4;6;2;3;5;3;1;1;1;0;1;0;0;0;27;1;4;463,344973970639
"72";7;7;1;7;7;6;7;1;1;1;0;1;0;0;0;33;2;4;487,944343973393
"73";4;7;5;3;7;3;2;1;1;1;0;0;0;0;0;18;1;3;288,732971362418
"74";1;2;7;1;1;1;2;1;1;1;0;1;0;0;0;42;1;4;440,664589983152
"75";6;1;6;1;3;6;1;0;1;1;0;0;0;0;0;46;1;2;273,257157480399
"76";7;6;2;5;4;6;4;1;1;1;0;0;1;0;0;18;2;4;360,962041462741
"77";3;4;5;4;5;6;5;1;0;1;0;1;0;0;0;68;2;3;522,51827189159
"78";6;4;1;4;2;2;2;0;0;1;0;1;0;0;0;64;1;2;354,261507996325
"79";3;4;5;1;1;4;1;0;0;0;0;1;0;0;0;62;1;1;342,902439890467
"80";5;2;1;1;1;5;4;0;0;1;0;0;0;0;0;88;1;1;308,470747403685
"81";7;4;2;4;4;6;4;1;0;1;0;1;0;0;0;55;1;3;497,279239883747
"82";5;7;7;1;4;7;2;1;0;0;0;1;0;0;0;51;2;2;469,086657777548
"83";5;1;2;3;6;6;5;1;1;0;0;1;0;0;0;51;1;3;489,513383881333
"84";3;2;1;1;5;2;1;1;1;1;0;0;0;1;0;72;2;4;413,998753498784
"85";7;5;6;7;7;7;5;1;1;1;0;1;0;0;0;60;2;4;553,314457988818
"86";7;2;6;7;3;6;3;0;1;1;0;0;1;0;1;26;2;4;301,182501674172
"87";4;3;5;1;4;6;5;0;1;1;0;1;1;0;0;25;1;4;397,101380175171
"88";4;5;6;3;6;6;3;1;1;1;0;1;1;0;0;39;1;5;532,970440079933
"89";7;3;4;5;1;6;6;1;0;1;0;1;0;0;0;51;1;3;489,513383881333
"90";7;7;1;6;6;6;6;0;1;1;0;0;1;0;0;46;1;3;306,634469583319
"91";5;7;4;2;1;3;7;1;0;0;0;1;0;0;0;59;1;2;432,816025785838
"92";5;4;6;3;3;5;4;1;1;0;0;1;1;0;0;49;1;4;506,057181983913
"93";4;5;5;3;1;4;4;1;0;1;0;1;0;0;0;63;2;3;486,909779890305
"94";1;5;7;1;1;1;4;0;1;1;0;0;1;0;0;18;1;3;187,520547570755
"95";7;5;7;6;1;6;5;1;1;0;0;1;1;0;0;47;1;4;515,12483998184
"96";7;2;7;1;3;5;4;1;1;1;0;0;1;0;0;24;1;4;359,660239467227
"97";5;5;5;3;4;5;3;0;1;0;0;1;1;0;0;56;2;3;410,958866091821
"98";6;4;1;5;5;5;7;1;1;1;0;1;0;0;0;43;1;4;494,408397980293
"99";5;1;3;1;1;4;5;1;0;1;0;1;1;0;0;80;1;4;553,291980003482
"100";7;7;1;7;4;7;7;0;1;1;0;1;0;0;0;49;2;3;423,269790085866
"101";5;6;3;3;3;2;3;1;1;1;0;0;1;0;0;20;2;4;313,042625467411
"102";3;4;7;1;4;5;3;1;1;1;0;0;0;0;0;33;1;3;343,756103369737
"103";5;5;5;2;2;5;5;1;1;1;0;0;0;0;0;43;1;3;363,17074337577
"104";5;4;4;2;4;5;4;0;1;1;0;0;1;0;0;31;2;3;264,561923575135
"105";7;4;1;6;1;4;1;1;0;1;0;1;0;0;1;80;2;4;553,291980003482
"106";4;3;6;2;2;4;3;0;1;1;0;0;1;0;0;37;1;3;263,260121579621
"107";2;3;5;5;4;5;2;1;1;1;0;0;0;0;0;31;2;3;339,87317536853
"108";4;3;7;1;3;4;4;1;1;1;0;1;0;0;0;36;2;4;467,867563976935
"109";5;6;6;4;2;5;6;1;0;0;0;0;0;0;0;75;1;1;358,542967189237
"110";4;4;6;3;4;5;5;1;0;1;0;0;0;0;1;79;2;3;433,06344739749
"111";7;3;3;5;7;3;5;1;1;0;0;1;0;0;0;43;2;3;435,129913879104
"112";6;5;6;4;4;4;3;1;1;1;0;1;1;0;0;50;1;5;528,425372088302
"113";6;3;2;2;3;2;2;1;1;1;0;1;0;0;0;47;2;4;463,322495985303
"114";5;4;4;3;4;3;4;1;1;0;0;1;0;1;0;49;1;4;480,156009985644
"115";4;4;6;5;4;4;4;0;1;1;0;1;1;1;1;44;2;6;474,842648394206
"116";7;4;1;1;4;6;6;0;0;1;0;1;0;0;0;67;1;2;411,888243994672
"117";2;2;7;7;6;6;6;1;1;0;0;0;0;0;0;26;2;2;309,739129261728
"118";7;1;1;6;1;7;7;0;0;1;0;1;1;0;0;75;2;3;473,747854101553
"119";3;6;3;6;2;6;2;1;1;1;0;1;1;0;0;19;2;5;494,141160067867
"120";6;4;7;6;6;2;5;1;1;1;0;0;0;0;0;27;1;3;293,255561368714
"121";4;4;4;6;4;4;3;0;1;1;0;1;1;0;0;26;2;4;373,141672177506
"122";7;5;7;5;5;5;2;0;0;1;0;1;1;0;0;65;2;3;428,432042097251
"123";7;3;2;6;1;4;3;1;0;1;0;1;0;0;0;81;1;3;521,856131901165
"124";7;7;7;5;7;4;5;1;1;1;0;1;1;0;1;18;2;6;499,675836171915
"125";4;3;6;1;5;5;3;1;1;1;0;1;1;0;0;53;2;5;547,200350089246
"126";4;2;4;5;1;6;4;0;1;1;0;0;1;0;0;40;2;3;294,985685579699
"127";7;7;1;1;1;1;1;1;0;0;0;0;0;0;0;76;1;1;308,682087193304
"128";6;5;1;5;1;2;5;1;0;1;0;1;1;0;1;79;2;5;558,82665610753
"129";6;6;6;7;7;7;6;1;1;1;0;1;0;0;0;48;2;4;530,016889981578
"130";7;7;1;7;1;6;7;1;0;1;0;1;0;0;0;79;1;3;543,874375898227
"131";7;5;1;6;3;7;6;1;0;1;0;0;0;0;0;76;2;2;419,762915291029
"132";5;7;7;6;5;3;1;0;1;1;0;0;1;0;0;24;2;3;225,070503572643
"133";7;4;6;1;3;4;1;1;1;0;0;1;1;0;0;49;2;4;493,106595984778
"134";6;3;7;5;4;5;6;1;1;1;0;0;0;0;0;70;2;3;415,59027139206
"135";7;5;7;1;1;7;4;1;1;0;0;1;0;0;0;47;1;3;494,698113878054
"136";4;4;5;1;1;2;1;1;1;0;0;0;0;0;0;27;1;2;259,878249265794
"137";3;4;5;5;5;5;4;1;0;1;0;1;1;1;0;56;2;5;553,024742091056
"138";7;7;1;6;4;4;6;1;0;1;0;1;0;0;0;65;2;3;490,792707891512
"139";7;6;6;1;7;2;5;0;1;1;0;0;0;0;0;21;1;2;172,918213468779
"140";6;5;5;2;3;7;3;1;1;1;0;1;1;0;0;48;1;5;563,394202084497
"141";7;7;7;7;1;5;7;0;1;1;0;1;1;0;0;45;1;4;422,980074188104
"142";3;4;3;4;3;1;3;0;0;0;0;1;0;0;0;90;1;1;358,411673909958
"143";6;6;7;3;5;5;6;1;0;1;0;1;0;0;1;72;1;4;550,710853997789
"144";4;5;4;2;3;4;1;1;1;1;0;1;0;0;0;43;2;4;481,457811981158
"145";6;3;6;5;4;4;4;1;0;1;0;1;1;0;0;78;1;4;549,409052002275
"146";3;5;6;5;5;6;4;1;1;1;0;0;1;0;0;25;2;4;374,552289466964
"147";7;6;5;4;3;2;1;0;1;1;0;1;1;1;1;27;1;6;415,936588385681
"148";7;4;4;6;2;2;1;1;1;1;0;1;1;0;0;37;1;5;477,28516808219
"149";4;3;7;2;2;3;2;0;1;1;0;0;1;0;0;56;1;3;287,19735159195
"150";5;1;1;4;4;4;2;1;0;1;0;1;0;0;0;55;2;3;471,378067885478
"151";7;3;7;2;2;7;7;1;1;1;0;0;1;0;1;69;2;5;506,304603595565
"152";6;2;1;6;7;6;7;1;0;1;0;1;0;0;0;67;2;3;520,576807890987
"153";5;5;2;1;7;7;3;1;1;1;0;1;0;0;0;56;1;4;545,548601986404
"154";7;1;1;7;1;1;1;1;1;1;0;0;0;0;0;33;1;3;291,9537593732
"155";7;4;3;6;6;5;5;1;1;1;0;1;0;0;0;47;1;4;502,174253982706
"156";6;5;5;3;5;5;4;1;1;1;0;0;1;0;0;30;2;4;371,309023470847
"157";7;6;6;2;4;5;6;1;1;1;0;1;0;0;0;44;2;4;496,349861980896
"158";7;5;1;7;5;5;3;1;0;1;0;1;0;0;0;76;2;3;525,099397897283
"159";4;5;2;6;3;3;1;0;0;1;0;1;0;0;0;51;2;2;341,973061987616
"160";5;2;6;1;2;4;3;1;0;0;0;0;0;0;0;46;1;1;289,289925172606
"161";6;2;5;5;7;7;4;1;1;0;0;0;0;0;0;58;2;2;384,816563280169
"162";5;5;3;6;6;5;4;1;1;0;0;1;1;0;0;66;1;4;539,062069994169
"163";3;5;5;1;1;4;7;1;1;1;0;1;0;0;0;32;2;4;460,101707974522
"164";5;3;2;4;2;2;4;1;1;1;0;1;1;0;0;54;2;5;510,290056092446
"165";5;5;5;6;6;6;3;1;1;1;0;1;1;1;0;57;2;6;601,294104193713
"166";3;5;2;4;3;6;7;1;1;0;0;0;0;0;0;37;1;2;331,095233268365
"167";5;5;7;2;5;6;5;1;1;0;0;0;1;0;0;31;2;3;352,823761367664
"168";3;5;6;5;4;3;5;0;1;1;0;0;0;0;0;27;1;2;197,517583471533
"169";1;1;1;1;3;3;2;1;0;1;0;1;1;1;1;46;1;6;541,086242189674
"170";1;1;1;1;1;1;1;0;1;1;0;0;1;0;0;47;2;3;243,823003588252
"171";7;4;1;3;3;3;4;1;0;1;0;1;0;0;0;66;2;3;479,783585892981
"172";7;7;4;4;1;7;1;1;1;1;0;0;0;0;1;75;2;4;484,576075496265
"173";4;1;1;5;4;6;6;1;0;1;0;1;1;1;0;78;1;5;608,687536103463
"174";4;3;2;5;2;2;3;1;1;1;0;0;0;0;0;57;2;3;351,499481386814
"175";3;4;6;5;5;1;1;1;1;1;0;1;0;0;0;52;1;4;460,079229989186
"176";6;6;4;4;6;7;7;1;0;0;0;1;0;0;0;37;2;2;441,906161769101
"177";6;5;4;7;3;3;5;1;1;1;0;1;1;1;0;48;2;6;544,969170190881
"178";6;5;2;5;2;5;3;1;0;1;0;1;1;0;0;56;1;4;519,647429988136
"179";5;4;4;3;3;5;4;0;0;1;1;0;0;0;1;86;1;3;371,342443608318
"180";3;1;1;5;2;3;5;0;1;0;0;1;0;0;0;48;2;2;336,148669985806
"181";4;5;7;2;4;3;5;0;1;1;0;1;1;0;0;33;1;4;373,781334182596
"182";3;2;2;4;2;3;3;0;1;1;0;1;1;1;0;43;2;5;426,573286291549
"183";6;6;6;1;2;5;3;1;1;0;0;1;0;0;0;36;1;3;447,440837873149
"184";5;5;4;2;1;6;6;0;1;0;0;0;0;0;0;24;1;1;197,167637364206
"185";5;5;7;7;2;2;2;1;1;1;0;1;0;0;0;27;2;4;424,493215973237
"186";1;3;1;1;1;3;3;1;0;1;0;0;0;0;0;59;2;2;334,955683284235
"187";7;7;1;1;3;7;5;1;1;1;0;1;0;0;0;53;2;4;539,724209984594
"188";5;4;7;5;5;5;5;1;1;1;0;1;1;0;0;26;2;5;494,780822072956
"189";3;5;5;3;6;6;6;1;1;1;0;0;1;0;0;29;2;4;382,318145469378
"190";2;5;7;2;2;3;2;1;1;1;0;0;0;0;0;24;1;3;300,381755366039
"191";7;5;2;5;5;6;6;0;0;1;0;0;0;0;0;50;2;1;247,645701379893
"192";2;2;4;2;3;5;2;1;1;0;0;1;1;0;0;27;2;4;463,344973970639
"193";7;5;5;3;4;5;7;1;1;0;0;0;0;0;0;48;2;2;339,500751275867
"194";6;5;7;4;6;6;3;0;1;1;0;1;0;0;0;42;1;3;396,728956082508
"195";7;1;1;1;4;1;1;1;1;0;0;0;0;0;0;43;1;2;277,991087276314
"196";1;5;7;2;7;6;1;1;1;1;0;1;0;0;0;50;1;4;520,94923198365
"197";5;4;5;6;4;4;6;1;1;1;0;1;1;1;0;39;2;6;540,446580184585
"198";5;2;3;1;3;5;1;1;1;0;0;1;1;0;0;50;1;4;507,998645984516
"199";5;3;3;3;3;3;5;1;1;1;0;1;1;0;1;49;2;6;546,910634191484
"200";1;7;7;7;3;4;1;1;1;1;0;0;1;0;0;26;1;4;350,592581469299
"201";3;5;5;1;1;5;4;0;1;1;0;0;0;0;0;42;1;2;252,540715478852
"202";7;5;2;5;4;4;3;1;1;1;0;1;1;0;0;57;2;5;542,015620092525
"203";7;7;2;1;1;1;1;0;0;0;0;1;0;0;0;68;1;1;315,699465896684
"204";3;3;4;4;1;3;4;0;1;1;0;1;1;1;0;30;2;5;401,334254283705
"205";5;3;4;5;2;6;4;1;0;1;0;0;1;1;0;40;2;4;403,674249476014
"206";6;6;6;5;4;3;3;0;0;0;0;0;0;0;0;29;1;0;134,6458872669
"207";7;7;7;1;1;5;7;1;1;1;0;0;0;0;0;27;1;3;332,107319366117
"208";5;4;6;4;3;3;6;1;0;1;0;1;0;0;0;68;1;3;483,666513894188
"209";7;6;2;4;1;2;1;1;0;1;0;0;0;0;0;82;1;2;366,658769298978
"210";6;3;6;3;3;3;3;1;1;0;0;1;0;0;0;28;1;3;406,007953870054
"211";4;7;7;6;2;5;2;1;1;1;0;1;0;0;0;30;2;4;469,169365972449
"212";6;5;6;4;4;5;4;1;1;0;0;0;1;0;1;26;2;4;363,543167468433
"213";6;5;3;7;6;6;5;0;0;1;0;1;1;0;0;80;2;3;470,504588105435
"214";1;1;6;1;7;6;7;1;0;1;0;1;0;0;0;66;1;3;518,635343890384
"215";7;5;5;2;4;3;1;0;1;1;0;0;0;0;0;25;1;2;193,634655470327
"216";3;4;4;3;5;5;3;1;1;0;0;1;0;0;0;50;2;3;474,621333881596
"217";6;6;1;1;2;3;3;1;0;1;0;1;0;0;0;78;1;3;503,081153900221
"218";6;5;2;6;2;4;6;0;0;1;0;1;0;0;0;65;2;2;382,104143995197
"219";1;3;7;2;6;6;1;1;1;0;0;0;0;0;0;24;1;2;305,856201260521
"220";5;7;7;3;2;4;5;1;1;1;0;1;1;0;1;33;2;6;528,797796180965
"221";7;7;5;6;4;5;5;1;0;1;0;1;1;0;0;66;2;4;539,062069994169
"222";3;3;3;3;3;3;5;1;0;0;0;1;0;0;0;74;1;2;461,937985794888
"223";5;5;7;1;2;2;5;1;1;0;0;0;0;0;0;33;1;2;271,527033269414
"224";5;1;7;6;5;5;2;1;1;0;0;0;0;0;0;32;1;2;308,437327266214
"225";7;2;2;2;3;7;7;1;0;0;0;1;0;0;0;62;1;2;490,442761784184
"226";7;1;1;7;1;1;7;0;1;0;0;1;0;0;0;58;2;2;329,662137993571
"227";3;4;5;3;4;2;1;0;1;0;0;0;1;0;0;25;2;2;180,684069471193
"228";7;1;1;1;1;7;7;0;0;1;0;1;0;0;0;77;1;2;444,253469999839
"229";4;5;7;1;1;3;4;1;1;0;0;1;1;0;0;40;1;4;462,682833980214
"230";4;7;6;5;2;7;3;1;1;1;0;1;1;0;1;43;1;6;587,064194184401
"231";5;6;3;5;2;7;5;1;0;1;0;1;0;0;0;69;2;3;537,410321891328
"232";1;1;1;1;1;1;1;0;0;1;0;1;0;0;0;54;1;2;321,896281991158
"233";1;4;5;2;6;1;7;1;1;0;0;1;0;0;0;44;2;3;411,170205881439
"234";3;3;3;1;1;1;7;0;0;0;0;1;0;0;0;76;2;1;331,231177901511
"235";4;4;1;1;1;4;4;1;0;1;0;1;0;0;0;82;1;3;523,797595901769
"236";3;3;5;5;5;6;4;1;1;1;0;0;1;0;0;25;2;4;374,552289466964
"237";7;7;7;3;3;6;6;1;1;1;0;1;0;0;0;36;1;4;493,768735975203
"238";5;3;7;3;4;4;1;1;1;0;0;0;1;0;0;28;2;3;321,098197367586
"239";4;1;5;2;7;4;1;0;1;1;0;0;1;0;0;37;1;3;263,260121579621
"240";5;4;7;1;1;6;1;0;0;1;0;0;0;1;0;41;1;2;263,549837477383
"241";3;6;7;1;4;7;4;1;0;1;0;0;1;0;0;30;1;3;363,832883366195
"242";5;2;5;2;2;6;4;1;1;1;0;1;1;0;0;48;2;5;550,443616085363
"243";3;2;7;2;1;2;4;1;1;0;0;0;1;0;0;36;2;3;310,728737374144
"244";7;6;6;5;4;5;6;1;0;1;0;1;0;0;0;50;1;3;474,621333881596
"245";7;3;4;4;1;3;7;1;1;1;0;1;1;0;0;55;1;5;525,182106092184
"246";7;5;6;4;6;5;4;1;0;1;0;1;0;0;0;44;2;3;462,972549877976
"247";7;7;3;7;1;6;7;1;0;1;0;1;1;0;1;78;2;5;608,687536103463
"248";7;6;4;5;3;3;3;0;1;1;0;1;1;1;0;46;2;5;432,397678293359
"249";4;5;7;2;4;3;2;0;1;1;0;0;1;0;0;29;1;3;234,77782357566
"250";7;7;2;5;1;5;1;1;0;1;0;1;0;0;0;67;1;3;507,626221891853
"251";7;1;1;1;5;5;2;1;1;0;0;1;1;0;0;21;1;4;451,696189967019
"252";7;4;1;5;2;5;6;1;0;0;0;1;0;0;0;77;1;2;493,663549794966
"253";7;1;5;1;3;5;1;1;1;0;0;0;0;0;0;58;1;2;358,9153912819
"254";6;4;2;6;6;5;2;1;1;0;0;0;0;0;0;69;1;2;380,271495288537
"255";6;6;6;2;5;5;1;1;1;0;0;0;1;1;0;25;1;4;361,60170346783
"256";5;6;2;1;3;5;5;1;1;1;1;0;1;0;1;31;2;6;440,00511167729
"257";6;6;6;1;1;3;6;1;0;1;0;1;0;0;0;71;2;3;489,490905895998
"258";7;5;7;6;7;7;1;0;1;1;0;1;0;0;0;57;1;3;438,801502090693
"259";5;5;7;7;4;3;1;0;1;1;1;0;1;1;0;23;2;5;289,88366377788
"260";5;6;5;3;7;4;2;1;1;1;1;1;1;1;1;32;2;8;593,610956386201
"261";7;7;7;6;5;7;5;1;0;1;0;1;0;0;0;50;1;3;500,522505879864
"262";6;6;6;4;3;5;5;0;1;0;0;1;0;0;0;50;2;2;365,932769985281
"263";4;5;4;4;4;5;4;0;0;0;0;1;0;0;0;63;2;1;357,794489890204
"264";1;1;1;1;1;1;1;0;1;0;0;0;0;0;0;21;1;1;126,590315366725
"265";2;4;5;1;3;3;4;1;1;1;0;0;0;0;0;44;1;3;339,211035378105
"266";7;7;7;2;2;5;3;0;0;1;0;1;1;0;0;69;1;3;436,197898099664
"267";7;7;1;6;1;7;6;1;0;1;0;1;0;0;0;77;2;3;552,942033896154
"268";5;4;4;3;2;5;6;1;0;1;0;1;0;0;0;73;1;3;519,275005895473
"269";5;1;1;1;1;5;7;1;0;1;0;1;0;0;0;87;2;3;546,455501903919
"270";5;5;3;2;4;3;4;1;0;1;0;1;1;0;0;50;2;4;482,097473986248
"271";5;2;7;2;6;5;1;0;0;0;0;0;1;1;1;56;2;3;313,098523590218
"272";1;1;1;1;5;5;5;0;1;0;1;0;0;0;1;61;2;3;322,805843593235
"273";6;5;5;4;5;7;6;0;1;1;0;1;0;0;0;39;1;3;403,855150079832
"274";3;6;4;7;1;3;1;0;1;0;0;1;0;0;1;52;2;3;377,291838091139
"275";4;4;5;3;2;3;2;1;0;0;0;1;0;0;0;67;1;2;448,347737790664
"276";3;5;6;1;1;6;1;0;1;1;0;1;0;0;0;27;1;3;367,606996073458
"277";1;7;7;1;1;1;1;1;0;0;0;0;1;0;0;26;2;2;244,986199266057
"278";6;2;4;7;5;6;3;1;1;1;0;1;1;0;1;59;2;6;605,17703219492
"279";7;6;7;7;6;7;3;1;1;1;0;1;1;1;0;43;2;6;587,064194184401
"280";6;1;1;4;1;6;5;1;0;0;0;1;0;0;0;70;1;2;493,023887789877
"281";1;1;1;3;1;3;3;1;1;1;0;0;0;1;0;21;1;4;327,934675467148
"282";7;1;1;1;2;7;5;1;1;1;0;1;0;0;0;60;1;4;553,314457988818
"283";6;3;3;4;4;6;7;1;1;0;0;1;1;0;0;43;2;4;507,358983979427
"284";3;4;4;4;3;6;4;0;0;0;0;1;0;0;0;67;2;1;378,510931891752
"285";5;4;5;5;3;5;5;1;1;1;0;0;1;0;0;26;2;4;363,543167468433
"286";1;4;2;2;1;4;2;1;1;1;1;0;0;1;0;35;1;5;401,443069577649
"287";7;2;7;4;5;4;3;1;1;0;0;1;0;0;0;55;1;3;471,378067885478
"288";7;5;2;5;2;5;2;1;0;1;0;1;0;0;0;75;2;3;523,157933896679
"289";7;6;7;5;2;6;3;1;1;1;0;0;1;0;0;30;2;4;384,259609469981
"290";6;5;7;3;3;5;5;0;1;0;0;1;1;0;1;28;2;4;389,975186177847
"291";7;4;7;2;1;5;5;0;1;1;0;1;1;0;0;40;1;4;413,272754185087
"292";7;5;7;2;4;3;6;1;1;0;0;1;0;0;0;37;2;3;423,481129875484
"293";6;7;6;1;1;1;1;0;0;1;0;1;0;0;0;48;2;2;310,247497987537
"294";7;4;4;2;1;7;5;0;0;0;0;1;1;0;0;67;1;2;424,838829993806
"295";3;7;7;2;2;3;3;1;1;1;0;0;0;0;0;22;2;3;296,498827364832
"296";3;4;7;7;5;4;5;1;1;1;0;0;0;0;0;20;2;3;305,566485362759
"297";3;7;2;1;7;7;5;1;1;1;0;1;1;1;0;21;2;6;544,351986171127
"298";7;5;2;1;1;7;2;0;0;1;0;1;1;0;0;86;1;3;495,103958108189
"299";5;4;2;3;2;2;5;1;0;1;0;1;0;0;0;71;2;3;476,540319896863
"300";7;7;6;3;2;6;3;1;1;0;0;1;0;0;0;69;1;3;524,459735892194
"301";7;7;1;1;1;7;6;0;0;1;0;1;0;0;0;67;2;2;424,838829993806
"302";7;3;1;6;2;5;1;1;1;1;0;0;1;0;0;53;1;4;415,962695484723
"303";5;7;7;3;1;1;3;0;0;1;0;1;0;0;0;89;1;2;389,847522012274
"304";6;5;1;1;4;5;3;1;1;1;0;1;0;0;0;58;1;4;523,530357989343
"305";7;3;4;2;3;7;5;1;1;1;0;0;0;0;0;26;2;3;356,067027363782
"306";2;7;6;5;3;2;2;1;1;1;0;1;1;0;0;37;2;5;477,28516808219
"307";7;4;3;4;5;5;4;1;0;0;0;0;1;1;0;49;1;3;374,81952737939
"308";7;7;7;1;4;4;1;0;1;1;0;0;0;0;0;24;1;2;204,643777468858
"309";7;6;6;1;1;4;4;1;1;1;0;0;0;0;0;32;1;3;328,864053369999
"310";5;6;2;3;5;6;3;1;1;1;0;1;1;1;0;47;1;6;581,87946418768
"311";7;4;4;3;3;6;2;0;1;1;0;0;1;0;0;43;1;3;300,810077581509
"312";5;5;7;2;4;4;6;1;0;0;0;0;0;0;0;65;1;1;326,17774118407
"313";6;7;6;7;4;5;5;1;1;0;0;1;0;0;0;30;2;3;435,792053869529
"314";6;6;3;3;3;3;3;0;0;0;0;0;0;0;0;82;1;0;237,543479298877
"315";5;6;4;1;5;2;5;1;1;1;0;1;0;0;0;53;1;4;474,971279988923
"316";6;5;6;1;1;7;6;0;0;0;0;1;0;0;0;83;2;1;422,524941900539
"317";7;4;5;1;1;4;5;0;1;1;0;1;1;0;0;43;1;4;406,146560187763
"318";6;6;5;5;5;2;1;1;1;0;0;0;0;0;0;26;1;2;257,936785265191
"319";7;3;5;2;7;7;5;1;0;1;0;1;1;1;0;65;1;5;596,399090094754
"320";3;7;6;2;1;1;7;0;0;1;0;1;0;0;0;81;1;2;374,315810007448
"321";6;6;2;2;4;4;4;0;1;1;0;0;0;0;0;24;2;2;204,643777468858
"322";6;7;7;1;1;1;2;1;1;0;0;0;0;0;0;25;1;2;243,044735265454
"323";6;6;3;2;3;5;4;1;1;1;0;1;1;0;0;49;1;5;539,434494086832
"324";7;6;6;4;4;2;3;1;1;0;0;1;0;0;0;30;1;3;396,940295872127
"325";5;3;3;5;4;6;3;1;1;1;0;1;1;1;0;48;2;6;583,820928188283
"326";7;1;4;4;2;3;1;0;1;1;0;0;1;0;0;25;2;3;227,011967573247
"327";7;7;3;5;5;6;7;1;1;1;0;1;0;0;0;51;1;4;522,890695984253
"328";7;7;4;1;2;3;2;0;1;0;0;1;0;0;0;59;1;2;357,504773992443
"329";1;1;1;1;1;1;1;0;0;0;0;0;0;0;0;81;1;0;209,700843300005
"330";5;1;1;1;5;5;2;0;0;1;0;1;0;0;0;92;1;2;447,474258010621
"331";1;2;1;5;4;6;4;1;1;1;1;1;1;1;1;37;1;8;629,219448387486
"332";7;5;7;7;5;7;7;1;1;0;0;1;1;0;0;62;2;4;557,197385990024
"333";4;3;3;6;5;5;5;1;0;0;0;1;0;0;0;57;2;2;454,834269782899
"334";5;5;7;5;4;6;6;1;1;1;0;0;0;0;0;21;2;3;333,409121361631
"335";6;3;4;3;6;6;3;1;0;1;0;0;0;0;0;56;2;2;367,983049279828
"336";7;6;2;6;6;6;6;1;0;1;0;1;1;0;0;77;1;4;573,36875999994
"337";3;4;7;4;3;3;2;1;1;0;0;0;0;1;0;25;1;3;302,323219366642
"338";5;2;7;1;5;6;7;1;1;1;0;0;1;1;0;24;2;5;405,988137569281
"339";6;3;2;5;3;6;3;1;1;1;0;0;1;0;0;25;2;4;374,552289466964
"340";1;7;1;1;4;4;2;0;1;1;0;0;1;0;0;57;2;3;302,089401591688
"341";5;6;6;7;2;3;3;0;1;1;0;1;1;0;0;57;2;4;420,376470197076
"342";6;5;5;5;4;4;3;1;0;1;0;1;1;0;0;73;2;4;539,701731999258
"343";7;6;7;7;1;1;7;1;0;0;0;1;0;0;0;66;2;2;420,505101791793
"344";7;3;5;2;4;4;4;1;1;1;0;1;1;0;0;45;2;5;518,718052085285
"345";7;7;1;5;1;4;7;1;1;0;0;1;1;1;0;52;2;5;532,308300089508
"346";3;1;5;1;1;5;3;1;1;0;0;1;0;0;0;50;1;3;474,621333881596
"347";6;6;6;6;4;4;6;1;1;1;0;0;1;1;1;35;2;6;434,820381680569
"348";5;3;5;2;5;5;5;1;0;0;0;1;0;0;0;52;1;2;445,126949779883
"349";6;6;6;3;7;3;7;0;1;1;0;0;0;0;0;26;2;2;195,57611947093
"350";7;7;6;3;6;7;7;1;1;1;0;1;1;1;0;54;2;6;608,420298191037
"351";3;4;7;2;2;6;4;1;1;0;0;0;1;0;0;27;1;3;345,057905365251
"352";6;1;1;1;3;6;5;0;0;1;0;1;1;0;1;70;2;4;484,467260202322
"353";5;6;2;3;4;2;3;1;1;1;1;0;1;1;0;29;1;6;397,270425678681
"354";7;5;4;1;3;1;7;1;1;0;0;1;0;0;0;45;2;3;413,111669882043
"355";7;7;6;7;1;5;4;1;1;0;0;1;0;0;0;26;1;3;428,026197867116
"356";7;1;1;7;5;1;1;1;1;1;0;1;1;0;0;28;1;5;446,861406077626
"357";6;3;6;2;1;1;3;1;0;0;0;1;0;0;0;45;2;2;379,734357779123
"358";5;4;7;4;6;4;1;1;0;0;0;1;0;0;0;36;1;2;401,112939771095
"359";5;5;5;5;3;4;4;1;1;0;0;0;1;0;0;24;1;3;313,332341365173
"360";4;4;4;4;2;4;6;0;0;0;0;1;0;0;0;73;1;1;364,258543897104
"361";5;3;7;6;3;2;2;1;1;1;0;0;0;1;0;35;2;4;342,164585476461
"362";7;5;4;3;3;7;6;1;0;0;0;1;1;0;0;57;2;3;514,112753884088
"363";4;2;6;6;4;6;6;1;1;0;0;1;0;0;1;55;1;4;530,656551986667
"364";7;5;1;1;3;1;1;1;1;1;0;0;1;0;0;18;1;4;296,20911146707
"365";6;6;3;7;2;5;6;1;1;1;0;0;0;0;0;24;1;3;326,282927364307
"366";7;4;3;6;1;6;7;0;0;0;0;1;0;0;0;66;2;1;376,569467891149
"367";5;5;6;5;6;4;5;0;0;1;0;1;0;0;0;68;2;2;387,928535997007
"368";3;6;3;3;3;7;1;1;0;0;0;1;1;0;0;72;1;3;543,234713893138
"369";7;3;3;2;2;2;6;1;0;1;0;1;0;0;0;63;1;3;461,008607892037
"370";7;4;5;2;2;2;4;0;0;0;0;1;0;0;0;63;2;1;318,942731892802
"371";6;7;4;5;7;5;6;1;0;0;1;0;0;0;0;60;1;2;362,798319283107
"372";5;6;3;6;5;6;6;1;1;0;0;0;0;0;0;56;1;2;367,983049279828
"373";7;6;3;3;5;7;7;1;1;1;0;1;1;0;0;54;2;5;575,042986088117
"374";7;3;1;7;7;2;4;1;0;1;0;1;0;0;0;55;1;3;445,47689588721
"375";7;6;2;7;5;2;1;1;1;0;0;1;1;0;0;42;1;4;453,615175982287
"376";7;1;1;5;6;6;5;0;0;1;0;1;0;0;0;85;2;2;446,834596005532
"377";4;7;7;3;1;7;1;1;1;1;0;1;0;0;0;36;2;4;506,719321974338
"378";1;6;7;6;5;4;4;0;1;0;0;1;0;0;0;49;2;2;351,040719985543
"379";5;6;6;5;1;3;7;1;0;0;0;1;0;0;0;67;2;2;448,347737790664
"380";6;1;6;1;6;4;1;1;0;0;0;1;1;0;1;61;1;4;516,404163992018
"381";7;1;2;1;7;7;5;0;0;0;0;1;0;0;1;83;1;2;455,902254003459
"382";4;4;7;1;7;5;1;1;1;0;0;1;0;0;0;36;2;3;447,440837873149
"383";3;4;7;1;1;1;3;1;1;1;0;1;0;0;0;23;2;4;403,776773971689
"384";7;6;4;1;2;6;7;1;0;0;0;1;0;0;0;72;1;2;496,906815791084
"385";5;1;1;6;1;7;1;0;0;0;0;1;0;0;0;80;1;1;416,700549898729
"386";6;7;1;3;2;4;4;1;0;1;0;1;1;0;0;64;2;4;522,228555993828
"387";7;5;6;3;4;2;4;0;0;1;0;0;1;1;0;43;1;3;249,007733584973
"388";5;3;5;1;1;1;5;1;0;1;0;1;0;0;0;50;1;3;422,818989885059
"389";1;7;7;1;7;7;1;1;0;1;0;1;0;0;0;39;1;3;479,166401873228
"390";6;4;4;4;3;4;5;1;1;1;0;1;0;0;0;26;1;4;448,452923970902
"391";7;7;3;6;7;7;7;1;0;0;0;1;0;1;0;48;2;3;496,639577878658
"392";7;6;3;2;4;6;6;1;1;1;0;0;0;0;0;46;2;3;381,945721376714
"393";5;7;3;5;2;3;2;1;0;0;0;1;0;0;0;66;1;2;446,406273790061
"394";7;5;1;5;5;5;7;0;0;1;0;1;1;0;0;56;2;3;410,958866091821
"395";7;3;5;1;2;1;2;1;1;1;0;1;0;0;0;44;1;4;444,547517984359
"396";2;5;7;4;5;5;1;0;1;1;0;0;1;0;0;32;1;3;266,503387575738
"397";7;5;6;1;5;6;2;0;1;1;0;1;0;0;0;62;2;3;435,558236094575
"398";3;7;7;7;7;7;5;1;1;0;0;1;0;0;0;27;1;3;455,868833865988
"399";7;5;1;4;4;3;5;0;0;0;0;1;0;0;0;73;2;1;351,307957897969
"400";3;5;7;3;6;1;6;1;0;0;0;0;1;0;0;23;1;2;239,161807264247
"401";3;4;5;6;4;3;5;1;1;1;0;1;1;0;0;62;1;5;538,772354096407
"402";6;6;6;3;2;3;5;1;0;0;0;1;0;0;0;67;1;2;448,347737790664
"403";5;5;1;5;2;5;7;1;0;1;0;1;1;0;0;70;2;4;546,827925996583
"404";4;6;4;3;3;5;2;1;1;1;0;1;0;0;0;53;1;4;513,823037986326
"405";7;4;1;1;1;6;1;1;0;0;1;1;1;0;0;69;1;4;557,837047995113
"406";2;6;7;5;2;4;6;0;1;1;0;0;1;0;0;29;2;3;247,728409574794
"407";4;7;4;7;6;4;5;1;1;1;0;1;1;1;0;19;2;6;501,617300172518
"408";5;4;4;6;2;5;3;1;1;1;0;1;1;1;0;58;1;6;590,284982195182
"409";3;3;7;1;1;1;1;1;1;0;0;1;0;0;0;34;1;3;391,755565875406
"410";3;7;7;7;1;2;7;1;1;1;0;0;0;0;0;21;2;3;281,606777365094
"411";7;1;7;7;1;1;1;1;0;0;0;1;0;0;0;56;1;2;401,090461785759
"412";5;5;6;4;4;5;6;1;1;1;0;1;1;0;0;37;1;5;516,136926079592
"413";4;4;4;5;4;3;3;1;1;0;0;0;0;0;0;53;2;2;323,306899280615
"414";4;5;7;2;3;4;3;1;1;1;0;0;0;0;0;23;1;3;311,390877364569
"415";4;3;3;4;3;3;4;0;0;1;0;1;1;0;0;48;2;3;369,525982088726
"416";3;5;4;3;3;2;3;1;0;1;1;1;0;0;0;48;1;4;465,263959985907
"417";5;6;7;6;6;6;3;1;1;0;0;0;0;0;0;19;2;2;296,148881257505
"418";3;2;7;3;4;3;1;1;0;0;1;0;0;0;1;50;1;3;350,859819381725
"419";7;7;7;7;7;4;5;1;0;0;0;1;0;1;0;43;2;3;448,080499878238
"420";3;3;4;3;1;1;2;0;1;1;0;0;0;0;0;43;2;2;202,679835482918
"421";4;6;1;4;1;1;6;0;0;0;0;1;0;0;0;76;2;1;331,231177901511
"422";6;7;7;4;3;3;6;1;1;0;0;1;1;0;0;58;2;4;497,629185991074
"423";5;6;6;6;4;6;5;1;1;1;0;1;1;1;0;53;2;6;593,5282481913
"424";3;5;6;1;1;7;2;1;1;1;0;1;0;0;0;36;1;4;506,719321974338
"425";4;3;1;5;3;4;7;0;0;1;0;1;0;0;0;86;2;2;422,874888007867
"426";7;6;3;5;5;6;3;1;1;1;0;1;1;0;0;46;2;5;546,560688084157
"427";3;1;3;1;1;1;6;0;0;1;0;1;0;0;0;93;1;2;397,613378014688
"428";5;7;7;5;5;3;3;0;1;1;0;1;1;0;0;24;1;4;356,308158177166
"429";5;3;1;2;4;4;2;1;0;1;0;1;1;0;0;68;1;4;529,994411996242
"430";5;4;5;4;4;6;3;0;0;1;0;0;1;1;0;40;1;3;294,985685579699
"431";7;6;2;5;3;3;5;1;0;0;0;1;0;0;0;50;1;2;415,342849780408
"432";7;7;5;3;1;4;7;0;0;1;0;1;0;0;0;67;2;2;385,987071996403
"433";4;7;6;3;2;3;3;0;0;0;0;1;1;0;0;44;2;2;328,382813983393
"434";5;6;4;2;6;7;2;0;1;1;0;1;0;1;0;24;1;4;408,110502173702
"435";6;4;7;4;6;6;6;0;0;0;0;1;1;1;0;44;2;3;400,611884083715
"436";7;7;1;7;7;7;7;0;0;1;0;1;0;0;0;75;1;2;440,370541998633
"437";3;5;5;4;4;2;1;1;0;0;0;1;1;1;0;54;2;4;476,912743989527
"438";2;4;6;1;5;3;2;0;1;0;0;0;0;0;1;57;2;2;255,761503489634
"439";2;5;5;2;5;4;4;1;1;0;1;0;1;0;0;18;2;4;335,060869464473
"440";6;7;6;2;4;2;3;1;1;0;0;1;0;0;0;18;1;3;373,642727864887
"441";3;5;2;2;3;2;3;0;1;1;0;0;0;0;0;25;1;2;180,684069471193
"442";4;7;7;2;5;5;2;1;0;1;0;1;0;0;0;60;1;3;494,035973887629
"443";7;7;7;4;1;4;7;1;1;1;0;1;1;0;0;62;2;5;551,722940095542
"444";4;7;7;1;7;4;2;1;1;1;0;0;0;0;0;18;1;3;301,683557361553
"445";7;3;3;3;5;6;4;1;0;1;0;1;0;0;1;70;1;4;559,778511995717
"446";7;7;7;5;4;5;5;1;0;0;0;1;0;0;0;68;2;2;476,190373789536
"447";5;5;1;1;1;3;5;1;0;0;0;1;0;0;0;60;1;2;434,757489786441
"448";4;4;4;4;4;4;4;1;1;0;0;1;0;0;0;40;1;3;442,256107876428
"449";2;3;3;2;6;2;4;1;0;1;0;0;0;0;1;59;1;3;355,382409388021
"450";5;4;4;3;5;5;3;1;1;0;0;0;1;0;0;19;1;3;316,57560736129
"451";6;4;5;3;4;5;3;0;1;1;0;0;1;0;0;27;1;3;256,796067572722
"452";2;6;6;2;6;6;2;1;1;1;0;1;0;0;0;46;2;4;513,183375981237
"453";7;6;7;4;6;6;3;0;1;1;0;0;1;0;0;20;2;3;256,156405567633
"454";6;4;4;2;1;4;2;1;0;1;1;0;0;0;0;82;1;3;425,937253400166
"455";2;2;4;4;3;3;4;1;1;1;0;1;1;0;0;40;1;5;496,060146083134
"456";5;5;7;3;2;4;2;1;1;1;0;0;0;0;0;32;1;3;328,864053369999
"457";7;5;7;3;2;1;1;1;1;1;0;1;1;0;0;54;2;5;497,339470093312
"458";1;7;7;1;1;1;1;0;1;1;0;1;0;0;0;48;1;3;343,624810090457
"459";7;5;2;2;1;4;6;1;1;0;0;0;1;0;0;27;2;3;319,156733366983
"460";7;5;4;1;2;6;3;1;0;0;0;1;1;0;0;68;2;3;522,51827189159
"461";6;2;6;2;3;3;4;1;1;1;0;0;0;0;0;40;1;3;331,445179375692
"462";7;4;4;1;4;4;4;1;1;1;0;0;0;0;0;53;1;3;369,634797382669
"463";6;4;7;1;2;3;1;1;1;1;0;1;1;1;0;30;2;6;510,022818180021
"464";6;4;2;1;4;5;3;0;0;0;0;1;0;0;0;59;1;1;350,028633887791
"465";5;5;7;5;1;1;5;0;1;0;0;1;0;0;0;46;1;2;306,364569986331
"466";5;7;5;1;4;4;2;1;1;1;0;0;1;0;0;29;1;4;356,416973471109
"467";5;2;2;4;4;5;5;1;0;1;0;0;1;0;0;67;2;3;409,76587939025
"468";7;1;1;1;1;1;7;0;0;1;0;1;0;0;0;81;1;2;374,315810007448
"469";2;2;7;1;1;3;4;0;0;1;0;1;0;0;0;84;2;2;406,041374007526
"470";2;1;4;1;1;4;1;1;1;1;0;0;1;0;1;52;2;5;434,447957587906
"471";6;4;3;2;3;1;2;1;1;1;0;0;0;0;0;18;1;3;262,83179936415
"472";5;3;5;4;1;1;3;1;1;1;0;1;1;0;0;51;2;5;491,515078091502
"473";4;3;2;5;4;3;1;0;1;1;0;0;1;1;0;28;2;4;266,213671677977
"474";4;5;1;1;2;4;4;1;1;1;0;1;0;0;0;46;2;4;487,282203982968
"475";7;3;3;2;3;4;5;1;0;0;0;1;0;0;0;75;1;2;476,830035794625
"476";7;7;7;4;4;6;7;1;1;1;0;1;0;0;0;35;2;4;491,8272719746
"477";4;1;4;1;4;4;7;1;1;1;0;0;1;0;0;39;2;4;375,831613477143
"478";5;6;1;2;1;3;6;0;0;0;0;1;0;0;0;79;1;1;362,956741901589
"479";1;1;7;1;1;1;1;1;0;0;0;1;0;1;0;54;1;3;430,584845887473
"480";3;6;2;3;3;4;5;0;0;1;0;1;0;0;0;87;2;2;424,81635200847
"481";5;3;4;6;4;7;3;1;1;0;0;1;0;0;0;41;2;3;483,049329874434
"482";7;2;7;7;4;6;7;0;0;1;0;0;1;0;1;82;2;3;376,527173605039
"483";6;6;7;1;4;4;6;0;0;0;0;1;0;1;1;66;1;3;417,42292009872
"484";7;6;5;1;1;5;7;1;0;0;0;1;0;0;0;53;1;2;447,068413780486
"485";6;6;6;7;1;2;4;1;1;0;0;1;0;0;0;45;2;3;426,062255881177
"486";6;6;1;1;1;3;7;1;0;0;0;1;0;0;0;81;1;2;475,528233799111
"487";3;2;7;3;4;3;2;1;1;0;0;1;0;0;0;38;2;3;425,422593876088
"488";7;7;7;7;4;4;2;1;1;1;0;1;0;0;0;37;2;4;469,809027977538
"489";3;5;3;6;3;3;3;0;1;1;0;0;1;1;0;28;2;4;266,213671677977
"490";7;6;6;2;2;4;4;1;1;1;0;1;1;0;0;36;2;5;501,244876079855
"491";3;4;6;2;5;6;4;0;0;1;0;1;0;0;0;50;2;2;378,883355984415
"492";7;4;3;6;4;4;6;1;0;1;0;1;1;0;0;60;1;4;514,462699991415
"493";6;7;7;5;2;6;6;0;1;1;0;0;0;0;0;41;2;2;263,549837477383
"494";2;6;7;3;3;1;1;1;1;0;0;0;1;0;0;26;2;3;278,363511368977
"495";6;5;5;5;4;4;6;0;0;1;0;0;1;1;0;27;1;3;243,845481573588
"496";3;6;6;6;6;3;3;1;0;0;0;1;0;0;0;33;1;2;382,337961770151
"497";6;6;5;3;5;5;2;0;0;0;0;1;1;0;0;50;1;2;365,932769985281
"498";7;5;6;1;6;6;2;0;0;0;0;1;0;0;0;46;1;1;337,740187879082
"499";6;1;2;1;4;1;1;1;1;1;0;0;1;0;0;29;2;4;317,565215473707
"500";7;3;4;1;3;3;4;1;0;0;0;0;1;0;0;51;1;2;319,423971279409
"501";7;7;7;7;7;7;7;0;1;0;0;0;0;0;0;26;1;1;214,001151364547
"502";7;5;7;7;5;7;5;1;1;1;0;0;1;0;1;50;2;5;469,416787584102
"503";7;4;5;1;6;6;6;1;1;0;0;0;0;0;0;32;1;2;321,387913265348
"504";1;2;4;1;5;4;4;1;1;1;0;1;1;0;0;44;2;5;516,776588084682
"505";5;5;5;1;4;1;1;1;1;0;0;0;0;0;0;19;1;2;231,395951261834
"506";7;7;7;7;4;4;6;1;0;0;0;0;1;0;0;67;1;2;363,437981288196
"507";7;4;2;3;3;4;6;1;1;0;0;1;0;0;0;48;1;3;457,787819881255
"508";7;7;1;7;7;7;7;1;0;1;0;1;1;1;0;77;2;5;619,696658101994
"509";3;7;3;5;4;4;7;1;1;0;0;1;0;0;0;49;2;3;459,729283881858
"510";6;5;2;2;1;5;6;1;0;1;0;1;1;0;0;55;1;4;517,705965987533
"511";7;1;6;6;4;7;3;1;0;1;0;1;1;0;0;63;1;4;559,138849990628
"512";7;4;1;2;1;6;1;0;1;1;0;0;1;0;0;26;2;3;267,805189571253
"513";7;1;7;1;7;7;1;1;1;0;0;0;0;0;0;51;1;2;371,226315275945
"514";7;5;6;1;2;2;2;0;0;1;0;0;1;0;0;47;1;2;223,396277484466
"515";1;1;1;1;5;3;5;1;1;1;0;1;0;0;0;45;1;4;472,390153983231
"516";3;6;7;5;5;6;2;1;1;1;0;0;0;0;0;27;1;3;345,057905365251
"517";3;4;3;3;2;3;3;0;1;1;0;0;0;0;0;44;1;2;230,52247148179
"518";3;3;7;4;5;5;2;0;1;1;0;0;1;1;0;35;1;4;305,705091680468
"519";3;1;2;1;1;1;2;0;0;1;0;0;0;0;0;81;2;1;243,078155402925
"520";4;4;6;5;3;3;6;1;1;1;0;0;0;0;0;27;2;3;306,206147367849
"521";5;2;2;2;5;5;4;1;0;0;0;1;1;0;0;71;1;3;515,392077894266
"522";6;7;4;5;2;3;5;0;0;0;0;0;1;0;0;63;2;1;234,032975390334
"523";6;5;7;2;6;6;5;1;1;0;0;1;1;0;0;56;1;4;532,59801598727
"524";7;7;3;7;1;7;7;1;0;1;0;1;0;0;0;55;1;3;510,229825882881
"525";5;4;3;3;5;5;3;0;1;0;0;1;0;0;0;48;1;2;362,049841984074
"526";7;5;7;4;7;7;5;0;0;0;0;1;1;1;0;33;1;3;392,206366076212
"527";6;4;5;4;1;5;1;1;1;1;0;1;1;0;0;50;1;5;541,375958087436
"528";1;7;7;7;7;7;1;0;1;1;0;0;0;0;0;36;2;2;266,7931034735
"529";7;7;5;3;3;5;1;1;1;1;0;0;1;1;0;22;2;5;389,15462356894
"530";7;4;7;3;5;6;5;1;1;1;0;1;0;0;0;55;2;4;530,656551986667
"531";5;4;6;2;2;2;6;0;1;1;0;0;0;0;0;27;2;2;184,566997472399
"532";5;3;3;6;4;3;4;1;0;1;0;0;0;0;0;60;1;2;336,897147284839
"533";3;6;7;7;5;3;1;1;1;0;0;0;0;0;0;21;1;2;261,180051261309
"534";6;1;1;1;4;1;6;1;0;1;0;1;0;0;0;77;1;3;475,238517901349
"535";6;4;5;7;7;7;2;1;1;1;0;1;0;0;0;46;2;4;526,133961980371
"536";7;7;5;6;4;5;2;1;0;0;0;0;1;0;0;50;2;2;343,383679277074
"537";4;4;2;1;6;5;2;1;0;1;0;1;0;0;0;70;1;3;513,450613893663
"538";7;7;2;4;1;4;6;1;0;1;0;1;0;0;0;72;1;3;504,382955895735
"539";4;6;6;5;4;6;3;0;0;0;0;0;0;0;0;60;2;0;233,683029283006
"540";7;7;5;7;7;4;1;1;1;0;0;1;1;0;0;55;1;4;504,755379988398
"541";7;5;5;3;5;6;4;1;1;1;0;0;1;0;0;26;2;4;376,493753467568
"542";7;7;7;7;5;5;7;1;1;1;0;0;1;1;0;27;1;5;398,861943571957
"543";7;5;6;4;5;3;4;1;0;0;0;0;1;0;0;46;2;2;309,716651276392
"544";5;5;7;3;3;5;3;0;1;0;0;1;1;1;0;47;2;4;426,863002189311
"545";5;3;6;2;4;4;3;1;0;0;0;1;1;0;0;43;2;3;448,080499878238
"546";6;4;3;2;3;4;2;1;0;1;0;1;0;0;0;67;1;3;494,675635892719
"547";7;7;6;4;7;7;6;1;1;1;1;1;0;0;0;45;1;5;557,569810082687
"548";7;2;3;6;6;6;4;1;0;1;0;1;1;1;0;44;1;5;542,67776008295
"549";3;3;3;3;3;3;4;1;1;1;0;0;0;0;0;42;1;3;335,328107376899
"550";5;7;5;6;2;4;2;1;1;1;0;1;1;1;0;29;2;6;521,031940178551
"551";1;1;7;1;4;4;1;0;0;0;0;1;1;0;0;82;2;2;415,109032005453
"552";6;7;6;7;5;5;7;1;1;1;0;0;1;1;0;25;2;5;394,97901557075
"553";7;5;3;1;3;3;2;1;1;1;0;0;1;0;0;29;1;4;343,466387471975
"554";7;7;7;4;6;6;6;1;1;0;0;1;0;1;0;37;2;4;495,710199975807
"555";3;3;2;3;3;3;5;1;1;1;0;0;0;0;0;63;2;3;376,098851389569
"556";3;4;4;1;5;5;2;1;1;1;0;0;0;0;0;60;1;3;396,175631386027
"557";5;5;4;3;4;2;3;0;1;1;0;0;1;0;0;27;2;3;217,944309575319
"558";1;1;7;1;5;1;1;0;1;0;0;0;1;0;0;23;2;2;163,850555470852
"559";7;5;6;3;6;7;4;1;1;1;0;1;0;0;0;54;1;4;541,665673985198
"560";6;3;1;5;2;2;5;1;0;1;0;1;0;0;0;54;2;3;443,535431886607
"561";5;2;2;1;5;5;2;1;1;1;0;0;1;1;0;25;1;5;394,97901557075
"562";2;7;7;1;5;5;5;1;1;1;1;1;1;0;0;26;1;6;528,158134175876
"563";7;3;7;3;7;6;3;0;1;1;0;0;1;0;0;56;1;3;326,049109589353
"564";6;5;5;2;3;4;3;1;1;1;0;0;1;0;0;27;1;4;352,534045469903
"565";2;4;6;2;2;4;3;1;0;1;0;1;0;0;0;54;2;3;469,436603884875
"566";7;4;4;5;4;2;4;1;0;1;0;1;0;0;0;55;1;3;445,47689588721
"567";3;7;7;4;3;3;4;1;1;0;0;1;1;0;0;47;2;4;476,273081984438
"568";6;4;6;3;1;4;5;1;0;0;0;1;0;0;0;70;1;2;467,122715791609
"569";2;4;7;1;2;6;6;1;1;1;0;1;0;0;0;66;2;4;552,012655993303
"570";1;6;1;1;5;1;4;0;1;1;0;0;0;0;0;19;1;2;156,084699468438
"571";7;5;1;1;6;7;6;1;0;1;0;1;1;0;0;74;2;4;580,494953997264
"572";3;7;7;2;6;6;3;1;1;1;0;1;0;0;0;28;2;4;478,237023970377
"573";4;3;6;5;2;4;5;0;1;0;0;1;0;0;0;58;2;2;368,513895990973
"574";7;7;3;3;1;6;6;0;0;0;0;1;0;0;0;68;1;1;380,452395892355
"575";5;4;7;6;5;7;6;1;1;1;0;0;1;1;0;20;1;5;411,172867566002
"576";7;5;2;3;1;7;7;0;1;1;0;1;1;0;0;58;2;4;474,120278194216
"577";6;3;1;5;4;1;1;1;0;0;0;1;0;0;0;53;1;2;395,266069783949
"578";2;1;1;6;4;7;2;1;1;1;0;1;1;1;1;48;1;7;630,148826290337
"579";7;5;7;1;1;1;1;1;1;0;0;0;0;0;0;25;1;2;243,044735265454
"580";5;7;7;1;6;7;3;1;1;1;0;1;0;0;0;48;2;4;530,016889981578
"581";1;6;6;3;1;1;1;0;0;1;0;1;0;0;0;86;2;2;384,023130010464
"582";7;4;6;3;3;5;6;1;0;1;0;1;0;0;0;76;2;3;525,099397897283
"583";7;7;1;7;1;1;7;1;1;1;1;0;0;0;0;82;1;4;420,462807505683
"584";4;6;6;6;4;4;5;1;1;0;0;1;1;0;0;25;2;4;446,511459970298
"585";7;7;7;3;5;4;5;1;1;1;0;0;0;0;0;27;1;3;319,156733366983
"586";2;6;6;1;2;2;1;1;1;1;0;1;0;0;0;25;2;4;420,61028797203
"587";5;4;5;6;3;1;2;1;1;1;0;1;1;0;1;59;1;6;540,424102199249
"588";5;3;3;3;4;6;5;1;0;1;0;1;1;0;1;56;2;5;565,97532809019
"589";7;7;7;1;1;1;1;1;1;1;0;1;1;1;0;52;1;6;526,833854195026
"590";5;4;3;4;3;2;3;1;1;1;0;1;0;0;0;56;2;4;480,795671990733
"591";4;4;6;3;3;4;2;1;0;0;0;1;0;0;0;50;1;2;428,293435779542
"592";7;1;1;7;5;7;5;0;0;1;0;0;0;0;0;64;2;1;287,776783387474
"593";4;5;5;2;3;4;4;1;1;0;0;1;1;0;0;39;1;4;473,691955978745
"594";6;4;5;5;2;3;5;1;0;1;0;1;1;0;0;65;2;4;511,219433995297
"595";4;1;1;3;1;5;5;0;0;1;0;1;0;0;1;72;2;3;442,022290101474
"596";2;6;5;1;4;3;2;1;1;1;0;0;1;0;0;29;2;4;343,466387471975
"597";7;4;3;7;6;5;6;1;0;1;0;1;0;0;0;75;2;3;523,157933896679
"598";3;4;2;3;3;4;5;1;1;0;0;0;0;0;0;20;1;2;272,189173259839
"599";3;6;6;5;2;5;6;1;1;0;0;0;1;0;1;25;2;4;361,60170346783
"600";7;7;4;3;1;1;5;1;1;0;0;1;0;0;0;29;1;3;382,048245872389
