"";"Beratung";"Angebote";"Bequemlichkeit";"Einkaufsatmosphaere";"Marken";"GPM";"Naehe";"Partner";"Eltern";"Verwandte";"Kommilitonen";"Kinder";"Freunde";"Arbeitskollegen";"GemNutz";"Alter";"Geschlecht";"GesAnz";"Wertsch";"Budget"
"1";7;5;5;6;3;6;6;1;1;0;0;1;1;1;0;46;2;5;38;556,184876774193
"2";7;4;4;5;6;4;3;1;1;0;0;1;0;0;0;38;2;3;33;436,9982644355
"3";7;5;1;7;1;6;7;0;0;0;0;1;0;0;0;77;2;1;34;440,016212634954
"4";7;4;7;3;3;6;6;1;0;0;0;1;1;0;0;84;1;3;36;586,154122950728
"5";5;4;7;4;3;6;2;1;1;1;0;0;1;1;0;22;2;5;31;397,210742064083
"6";2;6;6;5;1;5;4;1;1;1;0;0;0;0;0;30;1;3;29;335,067807343035
"7";5;7;7;7;4;5;5;1;1;1;0;0;1;0;0;30;2;4;40;367,676152991826
"8";1;1;4;1;1;7;4;0;1;1;0;0;0;0;0;39;1;2;19;295,547308448556
"9";5;6;2;1;3;7;4;1;0;0;0;1;1;0;0;70;2;3;28;568,051007825649
"10";4;4;3;5;5;3;2;1;1;0;0;0;1;0;0;27;2;3;26;293,622351759045
"11";7;6;7;1;2;6;7;1;1;1;0;0;0;0;1;66;1;4;36;474,817692437953
"12";6;6;7;4;1;3;6;1;1;1;0;1;0;0;0;44;1;4;33;467,670580477976
"13";5;4;6;5;4;6;6;1;0;1;0;0;1;0;1;68;2;4;36;479,827478620801
"14";7;5;7;1;5;7;6;1;1;0;0;1;1;0;0;52;2;4;38;555,571277828806
"15";2;2;7;4;2;4;4;0;1;0;0;1;0;0;0;37;2;2;25;338,498058317061
"16";6;3;7;1;3;6;3;1;1;0;0;1;0;0;0;53;1;3;29;508,50243711658
"17";4;4;6;2;1;2;6;1;1;1;0;0;1;0;0;22;1;4;25;296,740843795856
"18";7;5;7;2;4;7;4;1;0;1;0;0;0;0;0;27;1;2;36;328,875558729691
"19";6;4;6;5;4;6;5;1;1;1;0;0;0;0;0;28;1;3;36;347,023409315046
"20";5;7;7;4;4;2;3;1;1;1;0;0;0;0;0;23;1;3;32;266,637391238489
"21";3;7;1;4;1;5;5;1;1;0;0;1;0;0;0;57;2;3;26;501,556621327417
"22";7;6;1;6;5;4;5;1;1;0;0;0;1;0;1;59;2;4;34;423,352664488266
"23";7;6;1;6;1;1;7;0;0;1;0;1;0;0;0;70;2;2;29;370,26336586948
"24";7;5;3;4;5;4;4;1;1;0;0;0;0;0;0;20;2;2;32;260,445142625145
"25";6;1;2;1;5;1;5;1;0;0;0;0;0;0;0;27;1;1;21;194,474884151745
"26";1;7;6;6;6;1;6;1;0;0;0;1;0;0;0;56;2;2;33;398,581829967766
"27";7;7;7;6;2;7;3;1;1;1;0;1;1;1;0;52;2;6;39;620,787969126387
"28";7;7;5;7;6;7;6;1;0;1;0;1;1;0;0;61;1;4;45;578,115315651623
"29";4;6;3;3;4;4;3;1;0;1;0;1;0;0;0;47;2;3;27;459,542302258317
"30";6;5;6;5;5;6;5;1;0;0;0;1;0;0;0;57;1;2;38;485,913663833486
"31";4;3;4;4;3;5;4;1;1;1;0;0;1;0;1;48;2;5;27;445,372574286251
"32";7;1;3;3;5;7;5;0;0;0;0;1;0;0;0;68;1;1;31;434,437562966996
"33";5;5;7;3;7;3;5;0;1;1;0;0;1;0;0;28;1;3;35;232,740277472245
"34";6;3;7;3;4;2;4;0;1;1;0;0;1;0;0;36;1;3;29;235,814034048778
"35";7;6;7;5;3;3;3;1;1;0;0;0;0;0;0;28;2;2;34;263,518899201678
"36";5;7;7;4;5;6;2;1;1;1;0;0;1;0;0;38;1;4;36;404,680685878078
"37";4;3;4;5;3;5;6;1;0;1;0;1;0;0;0;67;1;3;30;526,605552241659
"38";5;4;6;5;6;7;3;0;1;1;0;0;1;0;0;36;1;3;36;320,640974823074
"39";7;5;6;1;2;7;3;0;0;1;0;1;0;0;0;54;1;2;31;431,977405335849
"40";4;3;3;4;6;6;5;0;1;1;0;0;1;1;1;19;2;5;31;326,309095411586
"41";5;7;3;1;4;3;1;1;1;1;0;0;1;0;0;24;1;4;24;318,716018133563
"42";7;7;7;1;7;7;7;1;1;1;0;1;0;0;0;40;2;4;43;525,512560731716
"43";7;7;7;7;7;7;7;1;1;0;0;0;0;0;0;30;2;2;49;336,390238003963
"44";7;5;4;4;3;5;3;1;1;0;0;1;0;0;0;54;1;3;31;494,041942053145
"45";7;7;2;4;4;4;6;1;1;1;0;1;0;0;0;56;2;4;34;514,694685729925
"46";4;3;3;4;3;3;4;1;1;0;0;1;0;0;0;74;1;3;24;510,209027571909
"47";7;6;4;2;5;6;4;1;1;1;0;0;1;0;0;25;2;4;34;372,117075689565
"48";6;6;7;4;1;3;4;1;1;0;0;1;1;0;0;27;1;4;31;425,087397923766
"49";7;4;3;3;3;2;4;1;0;1;0;1;0;1;0;54;1;4;26;475,754123237358
"50";5;3;6;6;2;2;5;1;1;1;0;1;1;1;0;50;1;6;29;530,951242169243
"51";7;6;7;1;6;5;6;1;1;1;0;0;1;0;0;25;1;4;38;355,151687534705
"52";7;7;4;7;2;6;7;1;1;1;0;1;0;0;0;50;2;4;40;533,596103491098
"53";5;4;5;2;3;4;5;1;0;1;1;0;0;0;0;83;1;3;28;450,861753033654
"54";5;3;3;5;2;2;1;1;0;0;0;1;0;0;0;53;1;2;21;408,032538848353
"55";6;5;3;5;2;3;4;1;0;1;0;1;1;0;0;69;2;4;28;530,292907763579
"56";7;2;2;6;2;2;3;1;0;1;0;1;0;0;0;80;2;3;24;508,272997965595
"57";7;7;1;1;7;1;1;1;0;0;0;1;1;0;0;22;2;3;25;346,023810508137
"58";5;7;3;2;1;5;6;0;0;0;0;1;0;0;0;75;2;1;29;418,041038297246
"59";7;1;1;1;2;5;4;0;0;0;0;0;0;0;1;82;1;1;21;336,718589421284
"60";4;4;4;2;2;2;4;1;0;0;0;1;0;0;0;57;2;2;22;418,052111214049
"61";4;4;5;3;3;2;1;1;1;0;0;1;0;0;0;40;1;3;22;408,07727430863
"62";3;1;1;2;1;1;1;0;1;0;0;0;0;0;0;39;1;1;10;161,146633870611
"63";4;4;6;2;4;6;2;1;0;1;0;0;0;0;0;46;1;2;28;359,50313931189
"64";4;5;3;4;3;5;3;0;0;0;0;0;1;0;0;54;1;1;27;266,581582861409
"65";5;7;7;6;1;4;4;1;0;1;0;0;1;0;1;53;2;4;34;408,323305939721
"66";6;5;6;4;4;3;4;1;1;0;0;0;0;0;0;40;1;2;32;293,577616298768
"67";1;6;3;1;7;3;1;1;1;1;0;0;1;1;0;19;2;5;22;338,799898325233
"68";7;7;6;2;5;5;6;0;0;0;0;1;0;0;0;53;2;1;38;362,933390285916
"69";6;5;7;3;4;4;3;1;0;1;0;1;1;1;1;69;1;6;32;612,474987216019
"70";7;4;5;6;1;3;4;1;1;1;0;1;1;1;0;55;2;6;30;560,441095781222
"71";2;4;6;2;3;5;3;1;1;1;0;1;0;0;0;27;1;4;25;459,018174233485
"72";7;7;1;7;7;6;7;1;1;1;0;1;0;0;0;33;2;4;42;491,012920936888
"73";4;7;5;3;7;3;2;1;1;1;0;0;0;0;0;18;1;3;31;271,078313936228
"74";1;2;7;1;1;1;2;1;1;1;0;1;0;0;0;42;1;4;15;428,73001798541
"75";6;1;6;1;3;6;1;0;1;1;0;0;0;0;0;46;1;2;24;296,116171933666
"76";7;6;2;5;4;6;4;1;1;1;0;0;1;0;0;18;2;4;34;354,582824049596
"77";3;4;5;4;5;6;5;1;0;1;0;1;0;0;0;68;2;3;32;546,075833487942
"78";6;4;1;4;2;2;2;0;0;1;0;1;0;0;0;64;1;2;21;372,199395475794
"79";3;4;5;1;1;4;1;0;0;0;0;1;0;0;0;62;1;1;19;368,512039953874
"80";5;2;1;1;1;5;4;0;0;1;0;0;0;0;0;88;1;1;19;351,747947969829
"81";7;4;2;4;4;6;4;1;0;1;0;1;0;0;0;55;1;3;31;513,512223299428
"82";5;7;7;1;4;7;2;1;0;0;0;1;0;0;0;51;2;2;33;487,849693439801
"83";5;1;2;3;6;6;5;1;1;0;0;1;0;0;0;51;1;3;28;503,492650933732
"84";3;2;1;1;5;2;1;1;1;1;0;0;0;1;0;72;2;4;15;421,985498367061
"85";7;5;6;7;7;7;5;1;1;1;0;1;0;0;0;60;2;4;44;575,610422560199
"86";7;2;6;7;3;6;3;0;1;1;0;0;1;0;1;26;2;4;34;311,235001402765
"87";4;3;5;1;4;6;5;0;1;1;0;1;1;0;0;25;1;4;28;407,586808827271
"88";4;5;6;3;6;6;3;1;1;1;0;1;1;0;0;39;1;5;33;538,650625134224
"89";7;3;4;5;1;6;6;1;0;1;0;1;0;0;0;51;1;3;32;503,492650933732
"90";7;7;1;6;6;6;6;0;1;1;0;0;1;0;0;46;1;3;39;328,724517582456
"91";5;7;4;2;1;3;7;1;0;0;0;1;0;0;0;59;1;2;29;440,027285551757
"92";5;4;6;3;3;5;4;1;1;0;0;1;1;0;0;49;1;4;30;514,125822244815
"93";4;5;5;3;1;4;4;1;0;1;0;1;0;0;0;63;2;3;26;499,620591721103
"94";1;5;7;1;1;1;4;0;1;1;0;0;1;0;0;18;1;3;20;173,760570248285
"95";7;5;7;6;1;6;5;1;1;0;0;1;1;0;0;47;1;4;37;526,081424216826
"96";7;2;7;1;3;5;4;1;1;1;0;0;1;0;0;24;1;4;29;352,646794443281
"97";5;5;5;3;4;5;3;0;1;0;0;1;1;0;0;56;2;3;30;435,664760857769
"98";6;4;1;5;5;5;7;1;1;1;0;1;0;0;0;43;1;4;33;499,09646369627
"99";5;1;3;1;1;4;5;1;0;1;0;1;1;0;0;80;1;4;20;574,812119924103
"100";7;7;1;7;4;7;7;0;1;1;0;1;0;0;0;49;2;3;40;452,061285527519
"101";5;6;3;3;3;2;3;1;1;1;0;0;1;0;0;20;2;4;25;291,731057613007
"102";3;4;7;1;4;5;3;1;1;1;0;0;0;0;0;33;1;3;27;342,582486617308
"103";5;5;5;2;2;5;5;1;1;1;0;0;0;0;0;43;1;3;29;367,631417531549
"104";5;4;4;2;4;5;4;0;1;1;0;0;1;0;0;31;2;3;28;274,185733056235
"105";7;4;1;6;1;4;1;1;0;1;0;1;0;0;1;80;2;4;24;574,812119924103
"106";4;3;6;2;2;4;3;0;1;1;0;0;1;0;0;37;1;3;24;272,249703449921
"107";2;3;5;5;4;5;2;1;1;1;0;0;0;0;0;31;2;3;26;337,57270043446
"108";4;3;7;1;3;4;4;1;1;1;0;1;0;0;0;36;2;4;26;464,596823901442
"109";5;6;6;4;2;5;6;1;0;0;0;0;0;0;0;75;1;1;34;382,571305159539
"110";4;4;6;3;4;5;5;1;0;1;0;0;0;0;1;79;2;3;31;457,807568822817
"111";7;3;3;5;7;3;5;1;1;0;0;1;0;0;0;43;2;3;33;432,557341737762
"112";6;5;6;4;4;4;3;1;1;1;0;1;1;0;0;50;1;5;32;532,273672830171
"113";6;3;2;2;3;2;2;1;1;1;0;1;0;0;0;47;2;4;20;458,219871597389
"114";5;4;4;3;4;3;4;1;1;0;0;1;0;1;0;49;1;4;27;480,195045935097
"115";4;4;6;5;4;4;4;0;1;1;0;1;1;1;1;44;2;6;31;486,465692552192
"116";7;4;1;1;4;6;6;0;0;1;0;1;0;0;0;67;1;2;29;447,575627369503
"117";2;2;7;7;6;6;6;1;1;0;0;0;0;0;0;26;2;2;36;309,405277483408
"118";7;1;1;6;1;7;7;0;0;1;0;1;1;0;0;75;2;3;30;517,188505904546
"119";3;6;3;6;2;6;2;1;1;1;0;1;1;0;0;19;2;5;28;488,552763305741
"120";6;4;7;6;6;2;5;1;1;1;0;0;0;0;0;27;1;3;36;276,656963604186
"121";4;4;4;6;4;4;3;0;1;1;0;1;1;0;0;26;2;4;29;376,160925608977
"122";7;5;7;5;5;5;2;0;0;1;0;1;1;0;0;65;2;3;36;458,208798680586
"123";7;3;2;6;1;4;3;1;0;1;0;1;0;0;0;81;1;3;26;544,708667366737
"124";7;7;7;5;7;4;5;1;1;1;0;1;1;0;1;18;2;6;42;484,725439553389
"125";4;3;6;1;5;5;3;1;1;1;0;1;1;0;0;53;2;5;27;556,753740259302
"126";4;2;4;5;1;6;4;0;1;1;0;0;1;0;0;40;2;3;26;313,695159033912
"127";7;7;1;1;1;1;1;1;0;0;0;0;0;0;0;76;1;1;19;317,214645631527
"128";6;5;1;5;1;2;5;1;0;1;0;1;1;0;1;79;2;5;25;570,984796171751
"129";6;6;6;7;7;7;6;1;1;1;0;1;0;0;0;48;2;4;45;545,551705463109
"130";7;7;1;7;1;6;7;1;0;1;0;1;0;0;0;79;1;3;36;573,629657493607
"131";7;5;1;6;3;7;6;1;0;1;0;0;0;0;0;76;2;2;35;451,615320209472
"132";5;7;7;6;5;3;1;0;1;1;0;0;1;0;0;24;2;3;34;222,720705106548
"133";7;4;6;1;3;4;1;1;1;0;0;1;1;0;0;49;2;4;26;497,160434089956
"134";6;3;7;5;4;5;6;1;1;1;0;0;0;0;0;70;2;3;36;435,263531
"135";7;5;7;1;1;7;4;1;1;0;0;1;0;0;0;47;1;3;32;510,438466722895
"136";4;4;5;1;1;2;1;1;1;0;0;0;0;0;0;27;1;2;18;244,048617955395
"137";3;4;5;5;5;5;4;1;0;1;0;1;1;1;0;56;2;5;31;564,268419533574
"138";7;7;1;6;4;4;6;1;0;1;0;1;0;0;0;65;2;3;35;504,630377903951
"139";7;6;6;1;7;2;5;0;1;1;0;0;0;0;0;21;1;2;34;165,632292028626
"140";6;5;5;2;3;7;3;1;1;1;0;1;1;0;0;48;1;5;31;578,1600511119
"141";7;7;7;7;1;5;7;0;1;1;0;1;1;0;0;45;1;4;41;440,719282500895
"142";3;4;3;4;3;1;3;0;0;0;0;1;0;0;0;90;1;1;21;387,752882049171
"143";6;6;7;3;5;5;6;1;0;1;0;1;0;0;1;72;1;4;38;571,73836334757
"144";4;5;4;2;3;4;1;1;1;1;0;1;0;0;0;43;2;4;23;482,131075541411
"145";6;3;6;5;4;4;4;1;0;1;0;1;1;0;0;78;1;4;32;569,802333741255
"146";3;5;6;5;5;6;4;1;1;1;0;0;1;0;0;25;2;4;34;372,117075689565
"147";7;6;5;4;3;2;1;0;1;1;0;1;1;1;1;27;1;6;28;409,951733688264
"148";7;4;4;6;2;2;1;1;1;1;0;1;1;0;0;37;1;5;26;465,779286331939
"149";4;3;7;2;2;3;2;0;1;1;0;0;1;0;0;56;1;3;23;302,87728403212
"150";5;1;1;4;4;4;2;1;0;1;0;1;0;0;0;55;2;3;21;479,58144698971
"151";7;3;7;2;2;7;7;1;1;1;0;0;1;0;1;69;2;5;35;531,906105515875
"152";6;2;1;6;7;6;7;1;0;1;0;1;0;0;0;67;2;3;35;543,570940396518
"153";5;5;2;1;7;7;3;1;1;1;0;1;0;0;0;56;1;4;30;565,590850194502
"154";7;1;1;7;1;1;1;1;1;1;0;0;0;0;0;33;1;3;19;274,720933997871
"155";7;4;3;6;6;5;5;1;1;1;0;1;0;0;0;47;1;4;36;509,116036061967
"156";6;5;5;3;5;5;4;1;1;1;0;0;1;0;0;30;2;4;33;367,676152991826
"157";7;6;6;2;4;5;6;1;1;1;0;1;0;0;0;44;2;4;36;501,601356787694
"158";7;5;1;7;5;5;3;1;0;1;0;1;0;0;0;76;2;3;33;549,149590064476
"159";4;5;2;6;3;3;1;0;0;1;0;1;0;0;0;51;2;2;24;356,60117344214
"160";5;2;6;1;2;4;3;1;0;0;0;0;0;0;0;46;1;1;23;292,964017353381
"161";6;2;5;5;7;7;4;1;1;0;0;0;0;0;0;58;2;2;36;406,527244563838
"162";5;5;3;6;6;5;4;1;1;0;0;1;1;0;0;66;1;4;34;556,709004799025
"163";3;5;5;1;1;4;7;1;1;1;0;1;0;0;0;32;2;4;26;454,577251535746
"164";5;3;2;4;2;2;4;1;1;1;0;1;1;0;0;54;2;5;22;508,362468886149
"165";5;5;5;6;6;6;3;1;1;1;0;1;1;1;0;57;2;6;36;616,347046428648
"166";3;5;2;4;3;6;7;1;1;0;0;0;0;0;0;37;1;2;30;336,959101489073
"167";5;5;7;2;5;6;5;1;1;0;0;0;1;0;0;31;2;3;35;354,538088589319
"168";3;5;6;5;4;3;5;0;1;1;0;0;0;0;0;27;1;2;31;197,62703873203
"169";1;1;1;1;3;3;2;1;0;1;0;1;1;1;1;46;1;6;12;537,897057958405
"170";1;1;1;1;1;1;1;0;1;1;0;0;1;0;0;47;2;3;7;246,402469899585
"171";7;4;1;3;3;3;4;1;0;1;0;1;0;0;0;66;2;3;25;490,169882840516
"172";7;7;4;4;1;7;1;1;1;1;0;0;0;0;1;75;2;4;31;514,327118415629
"173";4;1;1;5;4;6;6;1;0;1;0;1;1;1;0;78;1;5;27;636,341455699764
"174";4;3;2;5;2;2;3;1;1;1;0;0;0;0;0;57;2;3;21;351,803756346909
"175";3;4;6;5;5;1;1;1;1;1;0;1;0;0;0;52;1;4;25;453,778948899651
"176";6;6;4;4;6;7;7;1;0;0;0;1;0;0;0;37;2;2;40;452,781190159863
"177";6;5;4;7;3;3;5;1;1;1;0;1;1;1;0;48;2;6;33;542,906844141254
"178";6;5;2;5;2;5;3;1;0;1;0;1;1;0;0;56;1;4;28;531,660073884784
"179";5;4;4;3;3;5;4;0;0;1;1;0;0;0;1;86;1;3;28;411,954853084562
"180";3;1;1;5;2;3;5;0;1;0;0;1;0;0;0;48;2;2;20;349,086494167867
"181";4;5;7;2;4;3;5;0;1;1;0;1;1;0;0;33;1;4;30;376,729789094087
"182";3;2;2;4;2;3;3;0;1;1;0;1;1;1;0;43;2;5;19;434,387065657118
"183";6;6;6;1;2;5;3;1;1;0;0;1;0;0;0;36;1;3;29;448,953866407511
"184";5;5;4;2;1;6;6;0;1;0;0;0;0;0;0;24;1;1;29;208,400178273545
"185";5;5;7;7;2;2;2;1;1;1;0;1;0;0;0;27;2;4;30;408,122009768907
"186";1;3;1;1;1;3;3;1;0;1;0;0;0;0;0;59;2;2;13;341,170585035826
"187";7;7;1;1;3;7;5;1;1;1;0;1;0;0;0;53;2;4;31;558,07617092023
"188";5;4;7;5;5;5;5;1;1;1;0;1;1;0;0;26;2;5;36;489,121626790851
"189";3;5;5;3;6;6;6;1;1;1;0;0;1;0;0;29;2;4;34;382,136648055261
"190";2;5;7;2;2;3;2;1;1;1;0;0;0;0;0;24;1;3;23;286,107672484772
"191";7;5;2;5;5;6;6;0;0;1;0;0;0;0;0;50;2;1;36;273,527398650572
"192";2;2;4;2;3;5;2;1;1;0;0;1;1;0;0;27;2;4;20;459,018174233485
"193";7;5;5;3;4;5;7;1;1;0;0;0;0;0;0;48;2;2;36;347,547537339879
"194";6;5;7;4;6;6;3;0;1;1;0;1;0;0;0;42;1;3;37;417,561645732691
"195";7;1;1;1;4;1;1;1;1;0;0;0;0;0;0;43;1;2;16;267,161519263322
"196";1;5;7;2;7;6;1;1;1;1;0;1;0;0;0;50;1;4;29;533,596103491098
"197";5;4;5;6;4;4;6;1;1;1;0;1;1;1;0;39;2;6;34;537,328194473296
"198";5;2;3;1;3;5;1;1;1;0;0;1;1;0;0;50;1;4;20;516,630715336239
"199";5;3;3;3;3;3;5;1;1;1;0;1;1;0;1;49;2;6;25;545,411737232678
"200";1;7;7;7;3;4;1;1;1;1;0;0;1;0;0;26;1;4;30;340,69119247127
"201";3;5;5;1;1;5;4;0;1;1;0;0;0;0;0;42;1;2;24;269,13121141311
"202";7;5;2;5;4;4;3;1;1;1;0;1;1;0;0;57;2;5;30;549,807924470139
"203";7;7;2;1;1;1;1;0;0;0;0;1;0;0;0;68;1;1;20;332,645234037841
"204";3;3;4;4;1;3;4;0;1;1;0;1;1;1;0;30;2;5;22;401,823455468605
"205";5;3;4;5;2;6;4;1;0;1;0;0;1;1;0;40;2;4;29;409,690472060926
"206";6;6;6;5;4;3;3;0;0;0;0;0;0;0;0;29;1;0;33;137,420133617297
"207";7;7;7;1;1;5;7;1;1;1;0;0;0;0;0;27;1;3;35;327,553128068763
"208";5;4;6;4;3;3;6;1;0;1;0;1;0;0;0;68;1;3;31;495,179669023364
"209";7;6;2;4;1;2;1;1;0;1;0;0;0;0;0;82;1;2;23;381,817737983721
"210";6;3;6;3;3;3;3;1;1;0;0;1;0;0;0;28;1;3;27;394,9839453664
"211";4;7;7;6;2;5;2;1;1;1;0;1;0;0;0;30;2;4;33;466,532853507757
"212";6;5;6;4;4;5;4;1;1;0;0;0;1;0;1;26;2;4;34;357,656580626129
"213";6;5;3;7;6;6;5;0;0;1;0;1;1;0;0;80;2;3;38;512,747583206807
"214";1;1;6;1;7;6;7;1;0;1;0;1;0;0;0;66;1;3;29;541,066047305094
"215";7;5;5;2;4;3;1;0;1;1;0;0;0;0;0;25;1;2;27;192,617252549182
"216";3;4;4;3;5;5;3;1;1;0;0;1;0;0;0;50;2;3;27;484,022369687449
"217";6;6;1;1;2;3;3;1;0;1;0;1;0;0;0;78;1;3;22;520,228599937606
"218";6;5;2;6;2;4;6;0;0;1;0;1;0;0;0;65;2;2;31;408,635064876937
"219";1;3;7;2;6;6;1;1;1;0;0;0;0;0;0;24;1;2;26;304,395491300559
"220";5;7;7;3;2;4;5;1;1;1;0;1;1;0;1;33;2;6;33;522,298835924751
"221";7;7;5;6;4;5;5;1;0;1;0;1;1;0;0;66;2;4;39;556,709004799025
"222";3;3;3;3;3;3;5;1;0;0;0;1;0;0;0;74;1;2;23;477,600681923118
"223";5;5;7;1;2;2;5;1;1;0;0;0;0;0;0;33;1;2;27;259,07797650394
"224";5;1;7;6;5;5;2;1;1;0;0;0;0;0;0;32;1;2;31;307,469247877093
"225";7;2;2;2;3;7;7;1;0;0;0;1;0;0;0;62;1;2;30;515,403517445466
"226";7;1;1;7;1;1;7;0;1;0;0;1;0;0;0;58;2;2;25;340,20464877239
"227";3;4;5;3;4;2;1;0;1;0;0;0;1;0;0;25;2;2;22;175,651864394323
"228";7;1;1;1;1;7;7;0;0;1;0;1;0;0;0;77;1;2;25;489,589946438603
"229";4;5;7;1;1;3;4;1;1;0;0;1;1;0;0;40;1;4;25;457,65100811228
"230";4;7;6;5;2;7;3;1;1;1;0;1;1;0;1;43;1;6;34;598,24393130357
"231";5;6;3;5;2;7;5;1;0;1;0;1;0;0;0;69;2;3;33;565,546114734225
"232";1;1;1;1;1;1;1;0;0;1;0;1;0;0;0;54;1;2;7;330,185076406694
"233";1;4;5;2;6;1;7;1;1;0;0;1;0;0;0;44;2;3;26;401,131458519467
"234";3;3;3;1;1;1;7;0;0;0;0;1;0;0;0;76;2;1;19;352,684378769234
"235";4;4;1;1;1;4;4;1;0;1;0;1;0;0;0;82;1;3;19;547,213560458161
"236";3;3;5;5;5;6;4;1;1;1;0;0;1;0;0;25;2;4;31;372,117075689565
"237";7;7;7;3;3;6;6;1;1;1;0;1;0;0;0;36;1;4;39;498,527600211161
"238";5;3;7;3;4;4;1;1;1;0;0;0;1;0;0;28;2;3;27;313,092633005328
"239";4;1;5;2;7;4;1;0;1;1;0;0;1;0;0;37;1;3;24;272,249703449921
"240";5;4;7;1;1;6;1;0;0;1;0;0;0;1;0;41;1;2;25;283,591706476545
"241";3;6;7;1;4;7;4;1;0;1;0;0;1;0;0;30;1;3;32;368,998583652754
"242";5;2;5;2;2;6;4;1;1;1;0;1;1;0;0;48;2;5;26;561,194662957041
"243";3;2;7;2;1;2;4;1;1;0;0;0;1;0;0;36;2;3;21;299,201001427003
"244";7;6;6;5;4;5;6;1;0;1;0;1;0;0;0;50;1;3;39;484,022369687449
"245";7;3;4;4;1;3;7;1;1;1;0;1;1;0;0;55;1;5;29;527,832750132432
"246";7;5;6;4;6;5;4;1;0;1;0;1;0;0;0;44;2;3;37;468,993011138904
"247";7;7;3;7;1;6;7;1;0;1;0;1;1;0;1;78;2;5;38;636,341455699764
"248";7;6;4;5;3;3;3;0;1;1;0;1;1;1;0;46;2;5;31;441,901744931391
"249";4;5;7;2;4;3;2;0;1;1;0;0;1;0;0;29;1;3;27;235,245170563669
"250";7;7;2;5;1;5;1;1;0;1;0;1;0;0;0;67;1;3;28;526,605552241659
"251";7;1;1;1;5;5;2;1;1;0;0;1;1;0;0;21;1;4;22;443,98881568494
"252";7;4;1;5;2;5;6;1;0;0;0;1;0;0;0;77;1;2;30;519,046137507109
"253";7;1;5;1;3;5;1;1;1;0;0;0;0;0;0;58;1;2;23;372,59646825412
"254";6;4;2;6;6;5;2;1;1;0;0;0;0;0;0;69;1;2;31;400,150292259785
"255";6;6;6;2;5;5;1;1;1;0;0;0;1;1;0;25;1;4;31;355,151687534705
"256";5;6;2;1;3;5;5;1;1;1;1;0;1;0;1;31;2;6;27;435,397737380831
"257";6;6;6;1;1;3;6;1;0;1;0;1;0;0;0;71;2;3;29;502,694348297637
"258";7;5;7;6;7;7;1;0;1;1;0;1;0;0;0;57;1;3;40;472,100430258912
"259";5;5;7;7;4;3;1;0;1;1;1;0;1;1;0;23;2;5;32;285,432503312705
"260";5;6;5;3;7;4;2;1;1;1;1;1;1;1;1;32;2;8;32;585,010634130908
"261";7;7;7;6;5;7;5;1;0;1;0;1;0;0;0;50;1;3;44;517,953145997167
"262";6;6;6;4;3;5;5;0;1;0;0;1;0;0;0;50;2;2;35;388,027056660434
"263";4;5;4;4;4;5;4;0;0;0;0;1;0;0;0;63;2;1;30;387,982321200157
"264";1;1;1;1;1;1;1;0;1;0;0;0;0;0;0;21;1;1;7;116,058558224977
"265";2;4;5;1;3;3;4;1;1;1;0;0;0;0;0;44;1;3;22;336,205534313255
"266";7;7;7;2;2;5;3;0;0;1;0;1;1;0;0;69;1;3;33;468,228371046283
"267";7;7;1;6;1;7;6;1;0;1;0;1;0;0;0;77;2;3;35;585,585259465618
"268";5;4;4;3;2;5;6;1;0;1;0;1;0;0;0;73;1;3;29;541,634910790203
"269";5;1;1;1;1;5;7;1;0;1;0;1;0;0;0;87;2;3;21;576,703414070141
"270";5;5;3;2;4;3;4;1;0;1;0;1;1;0;0;50;2;4;26;482,699939026521
"271";5;2;7;2;6;5;1;0;0;0;0;0;1;1;1;56;2;3;28;336,808060341838
"272";1;1;1;1;5;5;5;0;1;0;1;0;0;0;1;61;2;3;19;349,332525798959
"273";6;5;5;4;5;7;6;0;1;1;0;1;0;0;0;39;1;3;38;427,012354613278
"274";3;6;4;7;1;3;1;0;1;0;0;1;0;0;1;52;2;3;25;391,714412182354
"275";4;4;5;3;2;3;2;1;0;0;0;1;0;0;0;67;1;2;23;460,06643028315
"276";3;5;6;1;1;6;1;0;1;1;0;1;0;0;0;27;1;3;23;379,988249361329
"277";1;7;7;1;1;1;1;1;0;0;0;0;1;0;0;26;2;2;19;224,578336709112
"278";6;2;4;7;5;6;3;1;1;1;0;1;1;0;1;59;2;6;33;621,356832611496
"279";7;6;7;7;6;7;3;1;1;1;0;1;1;1;0;43;2;6;43;598,24393130357
"280";6;1;1;4;1;6;5;1;0;0;0;1;0;0;0;70;1;2;24;518,477274022
"281";1;1;1;3;1;3;3;1;1;1;0;0;0;1;0;21;1;4;13;311,201338859291
"282";7;1;1;1;2;7;5;1;1;1;0;1;0;0;0;60;1;4;24;575,610422560199
"283";6;3;3;4;4;6;7;1;1;0;0;1;1;0;0;43;2;4;33;516,06185185113
"284";3;4;4;4;3;6;4;0;0;0;0;1;0;0;0;67;2;1;28;414,967281720713
"285";5;4;5;5;3;5;5;1;1;1;0;0;1;0;0;26;2;4;32;357,656580626129
"286";1;4;2;2;1;4;2;1;1;1;1;0;0;1;0;35;1;5;16;395,843575942878
"287";7;2;7;4;5;4;3;1;1;0;0;1;0;0;0;55;1;3;32;479,58144698971
"288";7;5;2;5;2;5;2;1;0;1;0;1;0;0;0;75;2;3;28;546,644696973052
"289";7;6;7;5;2;6;3;1;1;1;0;0;1;0;0;30;2;4;36;384,641541146685
"290";6;5;7;3;3;5;5;0;1;0;0;1;1;0;1;28;2;4;34;398,136099946685
"291";7;4;7;2;1;5;5;0;1;1;0;1;1;0;0;40;1;4;31;428,194817043774
"292";7;5;7;2;4;3;6;1;1;0;0;1;0;0;0;37;2;3;34;417,527983189217
"293";6;7;6;1;1;1;1;0;0;1;0;1;0;0;0;48;2;2;23;315,155717858149
"294";7;4;4;2;1;7;5;0;0;0;0;1;1;0;0;67;1;2;30;464,541015524362
"295";3;7;7;2;2;3;3;1;1;1;0;0;0;0;0;22;2;3;27;281,097886301924
"296";3;4;7;7;5;4;5;1;1;1;0;0;0;0;0;20;2;3;35;293,053488273935
"297";3;7;2;1;7;7;5;1;1;1;0;1;1;1;0;21;2;6;32;543,136283292239
"298";7;5;2;1;1;7;2;0;0;1;0;1;1;0;0;86;1;3;25;544,742329910211
"299";5;4;2;3;2;2;5;1;0;1;0;1;0;0;0;71;2;3;23;485,728960142778
"300";7;7;6;3;2;6;3;1;1;0;0;1;0;0;0;69;1;3;34;548,580726579366
"301";7;7;1;1;1;7;6;0;0;1;0;1;0;0;0;67;2;2;30;464,541015524362
"302";7;3;1;6;2;5;1;1;1;1;0;0;1;0;0;53;1;4;25;425,288694094581
"303";5;7;7;3;1;1;3;0;0;1;0;1;0;0;0;89;1;2;27;417,856334606538
"304";6;5;1;1;4;5;3;1;1;1;0;1;0;0;0;58;1;4;25;536,669860067632
"305";7;3;4;2;3;7;5;1;1;1;0;0;0;0;0;26;2;3;31;358,979011287057
"306";2;7;6;5;3;2;2;1;1;1;0;1;1;0;0;37;2;5;27;465,779286331939
"307";7;4;3;4;5;5;4;1;0;0;0;0;1;1;0;49;1;3;32;382,660776080094
"308";7;7;7;1;4;4;1;0;1;1;0;0;0;0;0;24;1;2;31;207,077747612617
"309";7;6;6;1;1;4;4;1;1;1;0;0;0;0;0;32;1;3;29;323,112205371024
"310";5;6;2;3;5;6;3;1;1;1;0;1;1;1;0;47;1;6;30;591,298115514407
"311";7;4;4;3;3;6;2;0;1;1;0;0;1;0;0;43;1;3;29;321,209838308184
"312";5;5;7;2;4;4;6;1;0;0;0;0;0;0;0;65;1;1;33;340,556986090439
"313";6;7;6;7;4;5;5;1;1;0;0;1;0;0;0;30;2;3;40;433,924507858966
"314";6;6;3;3;3;3;3;0;0;0;0;0;0;0;0;82;1;0;27;270,179467462775
"315";5;6;4;1;5;2;5;1;1;1;0;1;0;0;0;53;1;4;28;473,249230145934
"316";6;5;6;1;1;7;6;0;0;0;0;1;0;0;0;83;2;1;32;472,010959338358
"317";7;4;5;1;1;4;5;0;1;1;0;1;1;0;0;43;1;4;27;418,744108163187
"318";6;6;5;5;5;2;1;1;1;0;0;0;0;0;0;26;1;2;30;241,543724863971
"319";7;3;5;2;7;7;5;1;0;1;0;1;1;1;0;65;1;5;36;620,74323366611
"320";3;7;6;2;1;1;7;0;0;1;0;1;0;0;0;81;1;2;27;397,817189875145
"321";6;6;2;2;4;4;4;0;1;1;0;0;0;0;0;24;2;2;28;207,077747612617
"322";6;7;7;1;1;1;2;1;1;0;0;0;0;0;0;25;1;2;25;222,073443617688
"323";6;6;3;2;3;5;4;1;1;1;0;1;1;0;0;49;1;5;29;546,734167893606
"324";7;6;6;4;4;2;3;1;1;0;0;1;0;0;0;30;1;3;32;383,028343394389
"325";5;3;3;5;4;6;3;1;1;1;0;1;1;1;0;48;2;6;29;593,803008605831
"326";7;1;4;4;2;3;1;0;1;1;0;0;1;0;0;25;2;3;22;225,225598197972
"327";7;7;3;5;5;6;7;1;1;1;0;1;0;0;0;51;1;4;40;536,100996582522
"328";7;7;4;1;2;3;2;0;1;0;0;1;0;0;0;59;1;2;26;376,640318173533
"329";1;1;1;1;1;1;1;0;0;0;0;0;0;0;0;81;1;0;7;233,743798061633
"330";5;1;1;1;5;5;2;0;0;1;0;1;0;0;0;92;1;2;20;493,232566500247
"331";1;2;1;5;4;6;4;1;1;1;1;1;1;1;1;37;1;8;23;631,465875897747
"332";7;5;7;7;5;7;7;1;1;0;0;1;1;0;0;62;2;4;45;580,620208743047
"333";4;3;3;6;5;5;5;1;0;0;0;1;0;0;0;57;2;2;31;468,948275678627
"334";5;5;7;5;4;6;6;1;1;1;0;0;0;0;0;21;2;3;38;329,489157675078
"335";6;3;4;3;6;6;3;1;0;1;0;0;0;0;0;56;2;2;31;384,552070226131
"336";7;6;2;6;6;6;6;1;0;1;0;1;1;0;0;77;1;4;39;601,228216959549
"337";3;4;7;4;3;3;2;1;1;0;0;0;0;1;0;25;1;3;26;288,612565576197
"338";5;2;7;1;5;6;7;1;1;1;0;0;1;1;0;24;2;5;33;402,220528246931
"339";6;3;2;5;3;6;3;1;1;1;0;0;1;0;0;25;2;4;28;372,117075689565
"340";1;7;1;1;4;4;2;0;1;1;0;0;1;0;0;57;2;3;20;322,347565278403
"341";5;6;6;7;2;3;3;0;1;1;0;1;1;0;0;57;2;4;32;436,847223288266
"342";6;5;5;5;4;4;3;1;0;1;0;1;1;0;0;73;2;4;32;557,277868284135
"343";7;6;7;7;1;1;7;1;0;0;0;1;0;0;0;66;2;2;36;423,630760882007
"344";7;3;5;2;4;4;4;1;1;1;0;1;1;0;0;45;2;5;29;519,74920737305
"345";7;7;1;5;1;4;7;1;1;0;0;1;1;1;0;52;2;5;32;537,283459013019
"346";3;1;5;1;1;5;3;1;1;0;0;1;0;0;0;50;1;3;19;484,022369687449
"347";6;6;6;6;4;4;6;1;1;1;0;0;1;1;1;35;2;6;38;428,451921591668
"348";5;3;5;2;5;5;5;1;0;0;0;1;0;0;0;52;1;2;30;456,423810221506
"349";6;6;6;3;7;3;7;0;1;1;0;0;0;0;0;26;2;2;38;195,122145640606
"350";7;7;6;3;6;7;7;1;1;1;0;1;1;1;0;54;2;6;43;625,797755309235
"351";3;4;7;2;2;6;4;1;1;0;0;0;1;0;0;27;1;3;28;344,518516223622
"352";6;1;1;1;3;6;5;0;0;1;0;1;1;0;1;70;2;4;23;520,306997941356
"353";5;6;2;3;4;2;3;1;1;1;1;0;1;1;0;29;1;6;25;379,491786733405
"354";7;5;4;1;3;1;7;1;1;0;0;1;0;0;0;45;2;3;28;403,636351610891
"355";7;7;6;7;1;5;4;1;1;0;0;1;0;0;0;26;1;3;37;423,90493549327
"356";7;1;1;7;5;1;1;1;1;1;0;1;1;0;0;28;1;5;23;426,269860354263
"357";6;3;6;2;1;1;3;1;0;0;0;1;0;0;0;45;2;2;22;371,028005962101
"358";5;4;7;4;6;4;1;1;0;0;0;1;0;0;0;36;1;2;31;399,380132603861
"359";5;5;5;5;3;4;4;1;1;0;0;0;1;0;0;24;1;3;31;303,073060639632
"360";4;4;4;4;2;4;6;0;0;0;0;1;0;0;0;73;1;1;28;396,065863959539
"361";5;3;7;6;3;2;2;1;1;1;0;0;0;1;0;35;2;4;28;329,304453984369
"362";7;5;4;3;3;7;6;1;0;0;0;1;1;0;0;57;2;3;35;535,487397637136
"363";4;2;6;6;4;6;6;1;1;0;0;1;0;0;1;55;1;4;34;546,120568948219
"364";7;5;1;1;3;1;1;1;1;1;0;0;1;0;0;18;1;4;19;269,7558832753
"365";6;6;3;7;2;5;6;1;1;1;0;0;0;0;0;24;1;3;35;320,038448794491
"366";7;4;3;6;1;6;7;0;0;0;0;1;0;0;0;66;2;1;34;412,462388629288
"367";5;5;6;5;6;4;5;0;0;1;0;1;0;0;0;68;2;2;36;416,149744151209
"368";3;6;3;3;3;7;1;1;0;0;0;1;1;0;0;72;1;3;26;573,060794008498
"369";7;3;3;2;2;2;6;1;0;1;0;1;0;0;0;63;1;3;25;465,689815411385
"370";7;4;5;2;2;2;4;0;0;0;0;1;0;0;0;63;2;1;26;337,086156735579
"371";6;7;4;5;7;5;6;1;0;0;1;0;0;0;0;60;1;2;40;377,606254436968
"372";5;6;3;6;5;6;6;1;1;0;0;0;0;0;0;56;1;2;37;384,552070226131
"373";7;6;3;3;5;7;7;1;1;1;0;1;1;0;0;54;2;5;38;593,189409660445
"374";7;3;1;7;7;2;4;1;0;1;0;1;0;0;0;55;1;3;31;445,650670679992
"375";7;6;2;7;5;2;1;1;1;0;0;1;1;0;0;42;1;4;30;445,695406140269
"376";7;1;1;5;6;6;5;0;0;1;0;1;0;0;0;85;2;2;31;492,663703015137
"377";4;7;7;3;1;7;1;1;1;1;0;1;0;0;0;36;2;4;30;515,49298836602
"378";1;6;7;6;5;4;4;0;1;0;0;1;0;0;0;49;2;2;33;368,556775414151
"379";5;6;6;5;1;3;7;1;0;0;0;1;0;0;0;67;2;2;33;460,06643028315
"380";6;1;6;1;6;4;1;1;0;0;0;1;1;0;1;61;1;4;25;527,219151187045
"381";7;1;2;1;7;7;5;0;0;0;0;1;0;0;1;83;1;2;30;504,619304987148
"382";4;4;7;1;7;5;1;1;1;0;0;1;0;0;0;36;2;3;29;448,953866407511
"383";3;4;7;1;1;1;3;1;1;1;0;1;0;0;0;23;2;4;20;381,137049248352
"384";7;6;4;1;2;6;7;1;0;0;0;1;0;0;0;72;1;2;33;523,487060204848
"385";5;1;1;6;1;7;1;0;0;0;0;1;0;0;0;80;1;1;22;464,496280064085
"386";6;7;1;3;2;4;4;1;0;1;0;1;1;0;0;64;2;4;27;534,733830461318
"387";7;5;6;3;4;2;4;0;0;1;0;0;1;1;0;43;1;3;31;253,348285688747
"388";5;3;5;1;1;1;5;1;0;1;0;1;0;0;0;50;1;3;21;416,160817068012
"389";1;7;7;1;7;7;1;1;0;1;0;1;0;0;0;39;1;3;31;490,399321991502
"390";6;4;4;4;3;4;5;1;1;1;0;1;0;0;0;26;1;4;30;439,547892987201
"391";7;7;3;6;7;7;7;1;0;0;0;1;0;1;0;48;2;3;44;512,943359814319
"392";7;6;3;2;4;6;6;1;1;1;0;0;0;0;0;46;2;3;34;392,11148496068
"393";5;7;3;5;2;3;2;1;0;0;0;1;0;0;0;66;1;2;27;457,561537191726
"394";7;5;1;5;5;5;7;0;0;1;0;1;1;0;0;56;2;3;35;435,664760857769
"395";7;3;5;1;2;1;2;1;1;1;0;1;0;0;0;44;1;4;21;433,739804168258
"396";2;5;7;4;5;5;1;0;1;1;0;0;1;0;0;32;1;3;29;276,690626147659
"397";7;5;6;1;5;6;2;0;1;1;0;1;0;0;0;62;2;3;32;467,659507561173
"398";3;7;7;7;7;7;5;1;1;0;0;1;0;0;0;27;1;3;43;460,340604894412
"399";7;5;1;4;4;3;5;0;0;0;0;1;0;0;0;73;2;1;29;379,10047580468
"400";3;5;7;3;6;1;6;1;0;0;0;0;1;0;0;23;1;2;31;217,063657434839
"401";3;4;5;6;4;3;5;1;1;1;0;1;1;0;0;62;1;5;30;545,367001772401
"402";6;6;6;3;2;3;5;1;0;0;0;1;0;0;0;67;1;2;31;460,06643028315
"403";5;5;1;5;2;5;7;1;0;1;0;1;1;0;0;70;2;4;30;566,728577164721
"404";4;6;4;3;3;5;2;1;1;1;0;1;0;0;0;53;1;4;27;524,145394610512
"405";7;4;1;1;1;6;1;1;0;0;1;1;1;0;0;69;1;4;21;581,189072228157
"406";2;6;7;5;2;4;6;0;1;1;0;0;1;0;0;29;2;3;32;252,210558718528
"407";4;7;4;7;6;4;5;1;1;1;0;1;1;1;0;19;2;6;37;487,230332644814
"408";5;4;4;6;2;5;3;1;1;1;0;1;1;1;0;58;1;6;29;601,886551365213
"409";3;3;7;1;1;1;1;1;1;0;0;1;0;0;0;34;1;3;17;376,082527605226
"410";3;7;7;7;1;2;7;1;1;1;0;0;0;0;0;21;2;3;34;261,627605055641
"411";7;1;7;7;1;1;1;1;0;0;0;1;0;0;0;56;1;2;25;398,581829967766
"412";5;5;6;4;4;5;6;1;1;1;0;1;1;0;0;37;1;5;35;516,675450796516
"413";4;4;4;5;4;3;3;1;1;0;0;0;0;0;0;53;2;2;27;326,141226487281
"414";4;5;7;2;3;4;3;1;1;1;0;0;0;0;0;23;1;3;28;300,568167548207
"415";4;3;3;4;3;3;4;0;0;1;0;1;1;0;0;48;2;3;24;381,694839816658
"416";3;5;4;3;3;2;3;1;0;1;1;1;0;0;0;48;1;4;23;460,724764688813
"417";5;6;7;6;6;6;3;1;1;0;0;0;0;0;0;19;2;2;39;291,871025843439
"418";3;2;7;3;4;3;1;1;0;0;1;0;0;0;1;50;1;3;23;351,234892861799
"419";7;7;7;7;7;4;5;1;0;0;0;1;0;1;0;43;2;3;44;449,522729892621
"420";3;3;4;3;1;1;2;0;1;1;0;0;0;0;0;43;2;2;17;203,774551885098
"421";4;6;1;4;1;1;6;0;0;0;0;1;0;0;0;76;2;1;23;352,684378769234
"422";6;7;7;4;3;3;6;1;1;0;0;1;1;0;0;58;2;4;36;502,739083757914
"423";5;6;6;6;4;6;5;1;1;1;0;1;1;1;0;53;2;6;38;606,327474062952
"424";3;5;6;1;1;7;2;1;1;1;0;1;0;0;0;36;1;4;25;515,49298836602
"425";4;3;1;5;3;4;7;0;0;1;0;1;0;0;0;86;2;2;27;461,237819796843
"426";7;6;3;5;5;6;3;1;1;1;0;1;1;0;0;46;2;5;35;556,184876774193
"427";3;1;3;1;1;1;6;0;0;1;0;1;0;0;0;93;1;2;16;427,875906972234
"428";5;7;7;5;5;3;3;0;1;1;0;1;1;0;0;24;1;4;35;354,18575127127
"429";5;3;1;2;4;4;2;1;0;1;0;1;1;0;0;68;1;4;21;544,753402827014
"430";5;4;5;4;4;6;3;0;0;1;0;0;1;1;0;40;1;3;31;313,695159033912
"431";7;6;2;5;3;3;5;1;0;0;0;1;0;0;0;50;1;2;31;417,48324772894
"432";7;7;5;3;1;4;7;0;0;1;0;1;0;0;0;67;2;2;34;413,644851059785
"433";4;7;6;3;2;3;3;0;0;0;0;1;1;0;0;44;2;2;28;339,066921802171
"434";5;6;4;2;6;7;2;0;1;1;0;1;0;1;0;24;1;4;32;422,047303890706
"435";6;4;7;4;6;6;6;0;0;0;0;1;1;1;0;44;2;3;39;422,571431915539
"436";7;7;1;7;7;7;7;0;0;1;0;1;0;0;0;75;1;2;43;484,580160255755
"437";3;5;5;4;4;2;1;1;0;0;0;1;1;1;0;54;2;4;24;475,754123237358
"438";2;4;6;1;5;3;2;0;1;0;0;0;0;0;1;57;2;2;23;272,773831474753
"439";2;5;5;2;5;4;4;1;1;0;1;0;1;0;0;18;2;4;27;320,652047739877
"440";6;7;6;2;4;2;3;1;1;0;0;1;0;0;0;18;1;3;30;352,9696262973
"441";3;5;2;2;3;2;3;0;1;1;0;0;0;0;0;25;1;2;20;175,651864394323
"442";4;7;7;2;5;5;2;1;0;1;0;1;0;0;0;60;1;3;32;509,07130060169
"443";7;7;7;4;1;4;7;1;1;1;0;1;1;0;0;62;2;5;37;562,33238992726
"444";4;7;7;1;7;4;2;1;1;1;0;0;0;0;0;18;1;3;32;288,043702091087
"445";7;3;3;3;5;6;4;1;0;1;0;1;0;0;1;70;1;4;31;583,693965319581
"446";7;7;7;5;4;5;5;1;0;0;0;1;0;0;0;68;2;2;40;496,502099684292
"447";5;5;1;1;1;3;5;1;0;0;0;1;0;0;0;60;1;2;21;442,532178643181
"448";4;4;4;4;4;4;4;1;1;0;0;1;0;0;0;40;1;3;28;442,008050618348
"449";2;3;3;2;6;2;4;1;0;1;0;0;0;0;1;59;1;3;22;356,813542529757
"450";5;4;4;3;5;5;3;1;1;0;0;0;1;0;0;19;1;3;29;307,51398333737
"451";6;4;5;3;4;5;3;0;1;1;0;0;1;0;0;27;1;3;30;264,166160690539
"452";2;6;6;2;6;6;2;1;1;1;0;1;0;0;0;46;2;4;30;523,576531125402
"453";7;6;7;4;6;6;3;0;1;1;0;0;1;0;0;20;2;3;39;263,597297205429
"454";6;4;4;2;1;4;2;1;0;1;1;0;0;0;0;82;1;3;23;448,35685994223
"455";2;2;4;4;3;3;4;1;1;1;0;1;1;0;0;40;1;5;22;490,25935376107
"456";5;5;7;3;2;4;2;1;1;1;0;0;0;0;0;32;1;3;28;323,112205371024
"457";7;5;7;3;2;1;1;1;1;1;0;1;1;0;0;54;2;5;26;491,39708073129
"458";1;7;7;1;1;1;1;0;1;1;0;1;0;0;0;48;1;3;19;347,76406350694
"459";7;5;2;2;1;4;6;1;1;0;0;0;1;0;0;27;2;3;27;310,587739913904
"460";7;5;4;1;2;6;3;1;0;0;0;1;1;0;0;68;2;3;28;546,075833487942
"461";6;2;6;2;3;3;4;1;1;1;0;0;0;0;0;40;1;3;26;326,185961947558
"462";7;4;4;1;4;4;4;1;1;1;0;0;0;0;0;53;1;3;28;375,714960290931
"463";6;4;7;1;2;3;1;1;1;1;0;1;1;1;0;30;2;6;24;497,81876849562
"464";6;4;2;1;4;5;3;0;0;0;0;1;0;0;0;59;1;1;25;377,962748834461
"465";5;5;7;5;1;1;5;0;1;0;0;1;0;0;0;46;1;2;29;310,145931675301
"466";5;7;5;1;4;4;2;1;1;1;0;0;1;0;0;29;1;4;28;348,205871745543
"467";5;2;2;4;4;5;5;1;0;1;0;0;1;0;0;67;2;3;27;427,748851725728
"468";7;1;1;1;1;1;7;0;0;1;0;1;0;0;0;81;1;2;19;397,817189875145
"469";2;2;7;1;1;3;4;0;0;1;0;1;0;0;0;84;2;2;20;439,262645459135
"470";2;1;4;1;1;4;1;1;1;1;0;0;1;0;1;52;2;5;14;438,426758497088
"471";6;4;3;2;3;1;2;1;1;1;0;0;0;0;0;18;1;3;21;237,147537626509
"472";5;3;5;4;1;1;3;1;1;1;0;1;1;0;0;51;2;5;22;483,882401457017
"473";4;3;2;5;4;3;1;0;1;1;0;0;1;1;0;28;2;4;22;265,348623121035
"474";4;5;1;1;2;4;4;1;1;1;0;1;0;0;0;46;2;4;21;489,645754815684
"475";7;3;3;2;3;4;5;1;0;0;0;1;0;0;0;75;1;2;27;497,070963169402
"476";7;7;7;4;4;6;7;1;1;1;0;1;0;0;0;35;2;4;42;496,022707119737
"477";4;1;4;1;4;4;7;1;1;1;0;0;1;0;0;39;2;4;25;373,254802659784
"478";5;6;1;2;1;3;6;0;0;0;0;1;0;0;0;79;1;1;24;394,129834353224
"479";1;1;7;1;1;1;1;1;0;0;0;1;0;1;0;54;1;3;13;426,180389433708
"480";3;6;2;3;3;4;5;0;0;1;0;1;0;0;0;87;2;2;26;463,742712888267
"481";5;3;4;6;4;7;3;1;1;0;0;1;0;0;0;41;2;3;32;495,40910817435
"482";7;2;7;7;4;6;7;0;0;1;0;0;1;0;1;82;2;3;40;418,900668873724
"483";6;6;7;1;4;4;6;0;0;0;0;1;0;1;1;66;1;3;34;443,748303617151
"484";7;6;5;1;1;5;7;1;0;0;0;1;0;0;0;53;1;2;32;458,928703312931
"485";6;6;6;7;1;2;4;1;1;0;0;1;0;0;0;45;2;3;32;420,601739765751
"486";6;6;1;1;1;3;7;1;0;0;0;1;0;0;0;81;1;2;25;495,134933563087
"487";3;2;7;3;4;3;2;1;1;0;0;1;0;0;0;38;2;3;24;420,032876280641
"488";7;7;7;7;4;4;2;1;1;1;0;1;0;0;0;37;2;4;38;467,101716992867
"489";3;5;3;6;3;3;3;0;1;1;0;0;1;1;0;28;2;4;26;265,348623121035
"490";7;6;6;2;2;4;4;1;1;1;0;1;1;0;0;36;2;5;31;497,205169550233
"491";3;4;6;2;5;6;4;0;0;1;0;1;0;0;0;50;2;2;30;404,992444815293
"492";7;4;3;6;4;4;6;1;0;1;0;1;1;0;0;60;1;4;34;524,714258095621
"493";6;7;7;5;2;6;6;0;1;1;0;0;0;0;0;41;2;2;39;283,591706476545
"494";2;6;7;3;3;1;1;1;1;0;0;0;1;0;0;26;2;3;23;257,186682357902
"495";6;5;5;5;4;4;6;0;0;1;0;0;1;1;0;27;1;3;35;247,20077253568
"496";3;6;6;6;6;3;3;1;0;0;0;1;0;0;0;33;1;2;33;374,90006517473
"497";6;6;5;3;5;5;2;0;0;0;0;1;1;0;0;50;1;2;32;388,027056660434
"498";7;5;6;1;6;6;2;0;0;0;0;1;0;0;0;46;1;1;33;362,364526800806
"499";6;1;2;1;4;1;1;1;1;1;0;0;1;0;0;29;2;4;16;297,309707280965
"500";7;3;4;1;3;3;4;1;0;0;0;0;1;0;0;51;1;2;25;321,131440304433
"501";7;7;7;7;7;7;7;0;1;0;0;0;0;0;0;26;1;1;49;230,375352611252
"502";7;5;7;7;5;7;5;1;1;1;0;0;1;0;1;50;2;5;43;484,313136778817
"503";7;4;5;1;6;6;6;1;1;0;0;0;0;0;0;32;1;2;35;324,434636031952
"504";1;2;4;1;5;4;4;1;1;1;0;1;1;0;0;44;2;5;21;517,244314281626
"505";5;5;5;1;4;1;1;1;1;0;0;0;0;0;0;19;1;2;22;207,044085069143
"506";7;7;7;7;4;4;6;1;0;0;0;0;1;0;0;67;1;2;42;378,175117922078
"507";7;4;2;3;3;4;6;1;1;0;0;1;0;0;0;48;1;3;29;462,047195349741
"508";7;7;1;7;7;7;7;1;0;1;0;1;1;1;0;77;2;5;43;650,801950763199
"509";3;7;3;5;4;4;7;1;1;0;0;1;0;0;0;49;2;3;33;464,552088441165
"510";6;5;2;2;1;5;6;1;0;1;0;1;1;0;0;55;1;4;27;529,15518079336
"511";7;1;6;6;4;7;3;1;0;1;0;1;1;0;0;63;1;4;34;583,125101834471
"512";7;4;1;2;1;6;1;0;1;1;0;0;1;0;0;26;2;3;22;278,626655753974
"513";7;1;7;1;7;7;1;1;1;0;0;0;0;0;0;51;1;2;31;388,99299292387
"514";7;5;6;1;2;2;2;0;0;1;0;0;1;0;0;47;1;2;25;230,759512405653
"515";1;1;1;1;5;3;5;1;1;1;0;1;0;0;0;45;1;4;17;470,1754735694
"516";3;6;7;5;5;6;2;1;1;1;0;0;0;0;0;27;1;3;34;344,518516223622
"517";3;4;3;3;2;3;3;0;1;1;0;0;0;0;0;44;1;2;21;240,21022128624
"518";3;3;7;4;5;5;2;0;1;1;0;0;1;1;0;35;1;4;29;316,813651070722
"519";3;1;2;1;1;1;2;0;0;1;0;0;0;0;0;81;2;1;11;266,352143710423
"520";4;4;6;5;3;3;6;1;1;1;0;0;0;0;0;27;2;3;31;293,622351759045
"521";5;2;2;2;5;5;4;1;0;0;0;1;1;0;0;71;1;3;25;536,625124607355
"522";6;7;4;5;2;3;5;0;0;0;0;0;1;0;0;63;2;1;32;255,194844374508
"523";6;5;7;2;6;6;5;1;1;0;0;1;1;0;0;56;1;4;37;548,625462039643
"524";7;7;3;7;1;7;7;1;0;1;0;1;0;0;0;55;1;3;39;530,477611454288
"525";5;4;3;3;5;5;3;0;1;0;0;1;0;0;0;48;1;2;28;383,017270477586
"526";7;5;7;4;7;7;5;0;0;0;0;1;1;1;0;33;1;3;42;411,982996064733
"527";6;4;5;4;1;5;1;1;1;1;0;1;1;0;0;50;1;5;26;549,23906098503
"528";1;7;7;7;7;7;1;0;1;1;0;0;0;0;0;36;2;2;37;288,032629174284
"529";7;7;5;3;3;5;1;1;1;1;0;0;1;1;0;22;2;5;31;380,245353909224
"530";7;4;7;3;5;6;5;1;1;1;0;1;0;0;0;55;2;4;37;546,120568948219
"531";5;4;6;2;2;2;6;0;1;1;0;0;0;0;0;27;2;2;27;180,661650577171
"532";5;3;3;6;4;3;4;1;0;1;0;0;0;0;0;60;1;2;28;343,67547812725
"533";3;6;7;7;5;3;1;1;1;0;0;0;0;0;0;21;1;2;32;245,98464756171
"534";6;1;1;1;4;1;6;1;0;1;0;1;0;0;0;77;1;3;20;483,792930536463
"535";6;4;5;7;7;7;2;1;1;1;0;1;0;0;0;46;2;4;38;540,541919280261
"536";7;7;5;6;4;5;2;1;0;0;0;0;1;0;0;50;2;2;36;352,557323522727
"537";4;4;2;1;6;5;2;1;0;1;0;1;0;0;0;70;1;3;24;534,120231515931
"538";7;7;2;4;1;4;6;1;0;1;0;1;0;0;0;72;1;3;31;522,16462954392
"539";4;6;6;5;4;6;3;0;0;0;0;0;0;0;0;60;2;0;34;265,967983916022
"540";7;7;5;7;7;4;1;1;1;0;0;1;1;0;0;55;1;4;38;512,189792638501
"541";7;5;5;3;5;6;4;1;1;1;0;0;1;0;0;26;2;4;35;374,621968780989
"542";7;7;7;7;5;5;7;1;1;1;0;0;1;1;0;27;1;5;45;392,769819366344
"543";7;5;6;4;5;3;4;1;0;0;0;0;1;0;0;46;2;2;34;308,606974847312
"544";5;5;7;3;3;5;3;0;1;0;0;1;1;1;0;47;2;4;31;445,729068683743
"545";5;3;6;2;4;4;3;1;0;0;0;1;1;0;0;43;2;3;27;449,522729892621
"546";6;4;3;2;3;4;2;1;0;1;0;1;0;0;0;67;1;3;24;509,640164086799
"547";7;7;6;4;7;7;6;1;1;1;1;1;0;0;0;45;1;5;44;570,645371837628
"548";7;2;3;6;6;6;4;1;0;1;0;1;1;1;0;44;1;5;34;551,175090591344
"549";3;3;3;3;3;3;4;1;1;1;0;0;0;0;0;42;1;3;22;331,195748130406
"550";5;7;5;6;2;4;2;1;1;1;0;1;1;1;0;29;2;6;31;512,279263559055
"551";1;1;7;1;4;4;1;0;0;0;0;1;1;0;0;82;2;2;19;451,218247431146
"552";6;7;6;7;5;5;7;1;1;1;0;0;1;1;0;25;2;5;43;387,760033183496
"553";7;5;3;1;3;3;2;1;1;1;0;0;1;0;0;29;1;4;24;331,240483590683
"554";7;7;7;4;6;6;6;1;1;0;0;1;0;1;0;37;2;4;43;501,032493302585
"555";3;3;2;3;3;3;5;1;1;1;0;0;0;0;0;63;2;3;22;383,798503050313
"556";3;4;4;1;5;5;2;1;1;1;0;0;0;0;0;60;1;3;24;410,214600085759
"557";5;5;4;3;4;2;3;0;1;1;0;0;1;0;0;27;2;3;26;213,269996225961
"558";1;1;7;1;5;1;1;0;1;0;0;0;1;0;0;23;2;2;17;153,676690056615
"559";7;5;6;3;6;7;4;1;1;1;0;1;0;0;0;54;1;4;38;560,581064011654
"560";6;3;1;5;2;2;5;1;0;1;0;1;0;0;0;54;2;3;24;443,145777588568
"561";5;2;2;1;5;5;2;1;1;1;0;0;1;1;0;25;1;5;22;387,760033183496
"562";2;7;7;1;5;5;5;1;1;1;1;1;1;0;0;26;1;6;32;521,729972439642
"563";7;3;7;3;7;6;3;0;1;1;0;0;1;0;0;56;1;3;36;353,773448496697
"564";6;5;5;2;3;4;3;1;1;1;0;0;1;0;0;27;1;4;28;343,196085562694
"565";2;4;6;2;2;4;3;1;0;1;0;1;0;0;0;54;2;3;23;477,076553898286
"566";7;4;4;5;4;2;4;1;0;1;0;1;0;0;0;55;1;3;30;445,650670679992
"567";3;7;7;4;3;3;4;1;1;0;0;1;1;0;0;47;2;4;31;475,185259752248
"568";6;4;6;3;1;4;5;1;0;0;0;1;0;0;0;70;1;2;29;484,546497712281
"569";2;4;7;1;2;6;6;1;1;1;0;1;0;0;0;66;2;4;28;573,674392953884
"570";1;6;1;1;5;1;4;0;1;1;0;0;0;0;0;19;1;2;19;143,657117690919
"571";7;5;1;1;6;7;6;1;0;1;0;1;1;0;0;74;2;4;33;610,678925840136
"572";3;7;7;2;6;6;3;1;1;1;0;1;0;0;0;28;2;4;34;478,488455479768
"573";4;3;6;5;2;4;5;0;1;0;0;1;0;0;0;58;2;2;29;391,100813236968
"574";7;7;3;3;1;6;6;0;0;0;0;1;0;0;0;68;1;1;33;417,472174812137
"575";5;4;7;6;5;7;6;1;1;1;0;0;1;1;0;20;1;5;40;409,166344036094
"576";7;5;2;3;1;7;7;0;1;1;0;1;1;0;0;58;2;4;32;507,213668999126
"577";6;3;1;5;4;1;1;1;0;0;0;1;0;0;0;53;1;2;21;391,067150693494
"578";2;1;1;6;4;7;2;1;1;1;0;1;1;1;1;48;1;7;23;643,376742409481
"579";7;5;7;1;1;1;1;1;1;0;0;0;0;0;0;25;1;2;23;222,073443617688
"580";5;7;7;1;6;7;3;1;1;1;0;1;0;0;0;48;2;4;36;545,551705463109
"581";1;6;6;3;1;1;1;0;0;1;0;1;0;0;0;86;2;2;19;410,341655332265
"582";7;4;6;3;3;5;6;1;0;1;0;1;0;0;0;76;2;3;34;549,149590064476
"583";7;7;1;7;1;1;7;1;1;1;1;0;0;0;0;82;1;4;31;430,069041126443
"584";4;6;6;6;4;4;5;1;1;0;0;1;1;0;0;25;2;4;35;437,042999895777
"585";7;7;7;3;5;4;5;1;1;1;0;0;0;0;0;27;1;3;38;310,587739913904
"586";2;6;6;1;2;2;1;1;1;1;0;1;0;0;0;25;2;4;20;403,112223586059
"587";5;4;5;6;3;1;2;1;1;1;0;1;1;0;1;59;1;6;26;536,529891837201
"588";5;3;3;3;4;6;5;1;0;1;0;1;1;0;1;56;2;5;29;581,233807688434
"589";7;7;7;1;1;1;1;1;1;1;0;1;1;1;0;52;1;6;25;518,995640197232
"590";5;4;3;4;3;2;3;1;1;1;0;1;0;0;0;56;2;4;24;480,763909420206
"591";4;4;6;3;3;4;2;1;0;0;0;1;0;0;0;50;1;2;26;434,448635883799
"592";7;1;1;7;5;7;5;0;0;1;0;0;0;0;0;64;2;1;33;325,561290085368
"593";4;5;5;2;3;4;4;1;1;0;0;1;1;0;0;39;1;4;27;472,111503175715
"594";6;4;5;5;2;3;5;1;0;1;0;1;1;0;0;65;2;4;30;520,273335397883
"595";4;1;1;3;1;5;5;0;0;1;0;1;0;0;1;72;2;3;20;475,743050320555
"596";2;6;5;1;4;3;2;1;1;1;0;0;1;0;0;29;2;4;23;331,240483590683
"597";7;4;3;7;6;5;6;1;0;1;0;1;0;0;0;75;2;3;38;546,644696973052
"598";3;4;2;3;3;4;5;1;1;0;0;0;0;0;0;20;1;2;24;260,445142625145
"599";3;6;6;5;2;5;6;1;1;0;0;0;1;0;1;25;2;4;33;355,151687534705
"600";7;7;4;3;1;1;5;1;1;0;0;1;0;0;0;29;1;3;28;363,558062148106
